-- phpMyAdmin SQL Dump
-- version 4.9.7
-- https://www.phpmyadmin.net/
--
-- Hôte : db5000324877.hosting-data.io
-- Généré le : lun. 08 mars 2021 à 10:04
-- Version du serveur :  5.7.32-log
-- Version de PHP : 7.0.33-0+deb9u10

SET SQL_MODE = "NO_AUTO_VALUE_ON_ZERO";
SET AUTOCOMMIT = 0;
START TRANSACTION;
SET time_zone = "+00:00";


/*!40101 SET @OLD_CHARACTER_SET_CLIENT=@@CHARACTER_SET_CLIENT */;
/*!40101 SET @OLD_CHARACTER_SET_RESULTS=@@CHARACTER_SET_RESULTS */;
/*!40101 SET @OLD_COLLATION_CONNECTION=@@COLLATION_CONNECTION */;
/*!40101 SET NAMES utf8mb4 */;

--
-- Base de données : `dbs316935`
--

-- --------------------------------------------------------

--
-- Structure de la table `administrateur`
--

CREATE TABLE `administrateur` (
  `idAdmin` int(11) NOT NULL,
  `password` varchar(500) NOT NULL
) ENGINE=InnoDB DEFAULT CHARSET=latin1;

--
-- Déchargement des données de la table `administrateur`
--

INSERT INTO `administrateur` (`idAdmin`, `password`) VALUES
(1, '$6$rounds=5000$usesomesillystri$lgkdTWsmz8wSlM0ZCYZ5enj8tKVUlZzEIqXnvt3hquHuu9jW6n5XiOGubaRAqumyGfEqPjTxNTTwmy5qLdGPC0');

-- --------------------------------------------------------

--
-- Structure de la table `affectation`
--

CREATE TABLE `affectation` (
  `idUtilisateur` int(11) NOT NULL,
  `nomLieu` text NOT NULL,
  `idMission` int(11) NOT NULL,
  `dateDebut` datetime NOT NULL,
  `dateFin` datetime NOT NULL
) ENGINE=InnoDB DEFAULT CHARSET=utf8;

--
-- Déchargement des données de la table `affectation`
--

INSERT INTO `affectation` (`idUtilisateur`, `nomLieu`, `idMission`, `dateDebut`, `dateFin`) VALUES
(117, ' / AUCUN', 2, '2021-07-09 10:00:00', '2021-07-09 10:30:00'),
(117, '', 2, '2021-07-09 10:30:00', '2021-07-09 11:00:00'),
(119, '', 2, '2021-07-09 10:30:00', '2021-07-09 11:00:00'),
(120, ' / AUCUN', 2, '2021-07-09 10:00:00', '2021-07-09 10:30:00'),
(122, ' / Buvette - Esplanade', 6, '2021-07-09 10:00:00', '2021-07-09 10:30:00');

-- --------------------------------------------------------

--
-- Structure de la table `compagnie`
--

CREATE TABLE `compagnie` (
  `idCompagnie` int(11) NOT NULL,
  `nomCompagnie` varchar(100) NOT NULL,
  `idSession` int(11) NOT NULL
) ENGINE=InnoDB DEFAULT CHARSET=latin1;

--
-- Déchargement des données de la table `compagnie`
--

INSERT INTO `compagnie` (`idCompagnie`, `nomCompagnie`, `idSession`) VALUES
(80, 'Coronavirus', 1),
(81, 'Les 3 petites souris', 1),
(82, 'Fanfarria', 24),
(83, 'En cie', 24),
(84, 'Stein Lein Chein', 24),
(85, 'Heliotropion', 24),
(86, 'Les Egalithes', 24),
(87, 'L\'Art Osé', 24),
(88, 'Nanoua', 24),
(89, 'Monde a part', 24),
(90, 'Givb', 24),
(91, 'Groupe Deja', 24),
(92, 'CRETON ART', 26),
(93, 'UN DE CES 4', 26),
(94, 'CIRQUE ILYA', 26),
(96, 'EMERGENTE - LOLO COUSINS', 26),
(97, 'CIE SF', 26),
(98, 'LES TOMBES DE LA LUNE', 26),
(99, 'FABRIKA PULSION', 26),
(101, 'AIAA', 26),
(102, 'LES BLEUS DE TRAVAIL', 26),
(103, 'PROJET D', 26),
(104, 'CARNAGE PRODUCTION', 26),
(105, 'ALFRED ALERTE', 26),
(106, 'TETROFORT', 26),
(107, 'FABRIZIO SOLINAS', 26),
(108, 'GIOVANNI MARTINAT', 26),
(109, 'Théâtre Municipal', 26),
(110, 'Jardins de la Banque de France', 26),
(112, 'QUI VOUS SAVEZ', 26),
(113, 'Gardiennage', 26),
(114, 'Accueil Public', 26),
(166, 'Teatro Necessario', 38),
(167, 'Projet D', 38),
(168, 'La Trappe à Ressort', 38),
(169, 'Lavach', 38),
(170, 'Yoann Durand', 38),
(171, 'La Féroce', 38);

-- --------------------------------------------------------

--
-- Structure de la table `hu_utilisateur`
--

CREATE TABLE `hu_utilisateur` (
  `id` int(11) NOT NULL,
  `title` varchar(255) COLLATE utf8_bin DEFAULT NULL,
  `start` datetime NOT NULL,
  `end` datetime DEFAULT NULL,
  `color` varchar(250) COLLATE utf8_bin DEFAULT '#228B22',
  `idUtilisateur` int(11) NOT NULL,
  `type` varchar(25) COLLATE utf8_bin NOT NULL,
  `idType` int(11) NOT NULL,
  `idSession` int(11) NOT NULL
) ENGINE=InnoDB DEFAULT CHARSET=utf8 COLLATE=utf8_bin;

--
-- Déchargement des données de la table `hu_utilisateur`
--

INSERT INTO `hu_utilisateur` (`id`, `title`, `start`, `end`, `color`, `idUtilisateur`, `type`, `idType`, `idSession`) VALUES
(1208, NULL, '2020-07-10 15:00:00', '2020-07-10 16:00:00', '#228B22', 17, 'OrganisationSpectacle', 263, 24),
(1209, NULL, '2020-07-10 15:00:00', '2020-07-10 16:00:00', '#228B22', 18, 'OrganisationSpectacle', 263, 24),
(1210, NULL, '2020-07-10 22:30:00', '2020-07-11 00:00:00', '#228B22', 20, 'OrganisationSpectacle', 254, 24),
(1211, NULL, '2020-07-10 22:30:00', '2020-07-11 00:00:00', '#228B22', 19, 'OrganisationSpectacle', 254, 24),
(1212, NULL, '2020-07-10 15:30:00', '2020-07-10 18:00:00', '#228B22', 16, 'OrganisationSpectacle', 266, 24),
(1213, NULL, '2020-07-10 15:30:00', '2020-07-10 18:00:00', '#228B22', 19, 'OrganisationSpectacle', 266, 24),
(1214, NULL, '2020-07-10 16:30:00', '2020-07-10 18:00:00', '#228B22', 17, 'OrganisationSpectacle', 261, 24),
(1215, NULL, '2020-07-10 16:30:00', '2020-07-10 18:00:00', '#228B22', 18, 'OrganisationSpectacle', 261, 24),
(1216, NULL, '2020-07-10 16:30:00', '2020-07-10 18:00:00', '#228B22', 18, 'OrganisationSpectacle', 261, 24),
(1217, NULL, '2020-07-10 19:00:00', '2020-07-10 20:00:00', '#228B22', 16, 'OrganisationSpectacle', 270, 24),
(1218, NULL, '2020-07-10 19:00:00', '2020-07-10 20:00:00', '#228B22', 17, 'OrganisationSpectacle', 270, 24),
(1219, NULL, '2020-07-10 18:00:00', '2020-07-10 19:00:00', '#228B22', 16, 'OrganisationSpectacle', 264, 24),
(1220, NULL, '2020-07-10 18:00:00', '2020-07-10 19:00:00', '#228B22', 17, 'OrganisationSpectacle', 264, 24),
(1221, NULL, '2020-07-11 10:30:00', '2020-07-11 12:00:00', '#228B22', 16, 'OrganisationSpectacle', 258, 24),
(1222, NULL, '2020-07-11 10:30:00', '2020-07-11 12:00:00', '#228B22', 18, 'OrganisationSpectacle', 258, 24),
(1223, NULL, '2020-07-11 22:30:00', '2020-07-12 00:00:00', '#228B22', 16, 'OrganisationSpectacle', 255, 24),
(1224, NULL, '2020-07-11 22:30:00', '2020-07-12 00:00:00', '#228B22', 18, 'OrganisationSpectacle', 255, 24),
(1225, NULL, '2020-07-11 14:00:00', '2020-07-11 15:00:00', '#228B22', 16, 'OrganisationSpectacle', 265, 24),
(1226, NULL, '2020-07-11 14:00:00', '2020-07-11 15:00:00', '#228B22', 17, 'OrganisationSpectacle', 265, 24),
(1227, NULL, '2020-07-11 14:30:00', '2020-07-11 16:30:00', '#228B22', 19, 'OrganisationSpectacle', 248, 24),
(1228, NULL, '2020-07-11 14:30:00', '2020-07-11 16:30:00', '#228B22', 20, 'OrganisationSpectacle', 248, 24),
(1229, NULL, '2020-07-11 15:30:00', '2020-07-11 18:00:00', '#228B22', 16, 'OrganisationSpectacle', 267, 24),
(1230, NULL, '2020-07-11 15:30:00', '2020-07-11 18:00:00', '#228B22', 17, 'OrganisationSpectacle', 267, 24),
(1231, NULL, '2020-07-11 16:30:00', '2020-07-11 18:00:00', '#228B22', 19, 'OrganisationSpectacle', 262, 24),
(1232, NULL, '2020-07-11 16:30:00', '2020-07-11 18:00:00', '#228B22', 20, 'OrganisationSpectacle', 262, 24),
(1233, NULL, '2020-07-11 18:00:00', '2020-07-11 19:00:00', '#228B22', 17, 'OrganisationSpectacle', 271, 24),
(1234, NULL, '2020-07-11 18:00:00', '2020-07-11 19:00:00', '#228B22', 18, 'OrganisationSpectacle', 271, 24),
(1235, NULL, '2020-07-11 19:00:00', '2020-07-11 20:30:00', '#228B22', 17, 'OrganisationSpectacle', 256, 24),
(1236, NULL, '2020-07-11 19:00:00', '2020-07-11 20:30:00', '#228B22', 18, 'OrganisationSpectacle', 256, 24),
(1237, NULL, '2020-07-11 19:00:00', '2020-07-11 20:00:00', '#228B22', 19, 'OrganisationSpectacle', 269, 24),
(1238, NULL, '2020-07-11 19:00:00', '2020-07-11 20:00:00', '#228B22', 20, 'OrganisationSpectacle', 269, 24),
(1239, NULL, '2020-07-12 10:30:00', '2020-07-12 12:00:00', '#228B22', 22, 'OrganisationSpectacle', 259, 24),
(1240, NULL, '2020-07-12 10:30:00', '2020-07-12 12:00:00', '#228B22', 25, 'OrganisationSpectacle', 259, 24),
(1241, NULL, '2020-07-12 15:30:00', '2020-07-12 17:00:00', '#228B22', 16, 'OrganisationSpectacle', 260, 24),
(1242, NULL, '2020-07-12 15:30:00', '2020-07-12 17:00:00', '#228B22', 17, 'OrganisationSpectacle', 260, 24),
(1243, NULL, '2020-07-12 18:30:00', '2020-07-12 20:00:00', '#228B22', 17, 'OrganisationSpectacle', 257, 24),
(1244, NULL, '2020-07-12 18:30:00', '2020-07-12 20:00:00', '#228B22', 18, 'OrganisationSpectacle', 257, 24),
(1245, NULL, '2020-07-10 10:00:00', '2020-07-10 10:30:00', '#228B22', 17, 'AccueilPublic', 0, 24),
(1246, NULL, '2020-07-10 10:00:00', '2020-07-10 10:30:00', '#228B22', 18, 'AccueilPublic', 0, 24),
(1247, NULL, '2020-07-10 10:30:00', '2020-07-10 11:00:00', '#228B22', 17, 'AccueilPublic', 0, 24),
(1248, NULL, '2020-07-10 10:30:00', '2020-07-10 11:00:00', '#228B22', 18, 'AccueilPublic', 0, 24),
(1249, NULL, '2020-07-10 11:00:00', '2020-07-10 11:30:00', '#228B22', 17, 'AccueilPublic', 0, 24),
(1250, NULL, '2020-07-10 11:00:00', '2020-07-10 11:30:00', '#228B22', 18, 'AccueilPublic', 0, 24),
(1251, NULL, '2020-07-10 11:30:00', '2020-07-10 12:00:00', '#228B22', 17, 'AccueilPublic', 0, 24),
(1252, NULL, '2020-07-10 11:30:00', '2020-07-10 12:00:00', '#228B22', 18, 'AccueilPublic', 0, 24),
(1253, NULL, '2020-07-10 12:00:00', '2020-07-10 12:30:00', '#228B22', 17, 'AccueilPublic', 0, 24),
(1254, NULL, '2020-07-10 12:00:00', '2020-07-10 12:30:00', '#228B22', 22, 'AccueilPublic', 0, 24),
(1256, NULL, '2020-07-10 12:30:00', '2020-07-10 13:00:00', '#228B22', 22, 'AccueilPublic', 0, 24),
(1257, NULL, '2020-07-10 12:30:00', '2020-07-10 13:00:00', '#228B22', 30, 'AccueilPublic', 0, 24),
(1258, NULL, '2020-07-10 13:00:00', '2020-07-10 13:30:00', '#228B22', 22, 'AccueilPublic', 0, 24),
(1259, NULL, '2020-07-10 13:00:00', '2020-07-10 13:30:00', '#228B22', 30, 'AccueilPublic', 0, 24),
(1260, NULL, '2020-07-10 13:30:00', '2020-07-10 14:00:00', '#228B22', 22, 'AccueilPublic', 0, 24),
(1261, NULL, '2020-07-10 13:30:00', '2020-07-10 14:00:00', '#228B22', 30, 'AccueilPublic', 0, 24),
(1262, NULL, '2020-07-10 14:00:00', '2020-07-10 14:30:00', '#228B22', 22, 'AccueilPublic', 0, 24),
(1263, NULL, '2020-07-10 14:00:00', '2020-07-10 14:30:00', '#228B22', 30, 'AccueilPublic', 0, 24),
(1264, NULL, '2020-07-10 14:30:00', '2020-07-10 15:00:00', '#228B22', 32, 'AccueilPublic', 0, 24),
(1265, NULL, '2020-07-10 14:30:00', '2020-07-10 15:00:00', '#228B22', 34, 'AccueilPublic', 0, 24),
(1266, NULL, '2020-07-10 15:00:00', '2020-07-10 15:30:00', '#228B22', 32, 'AccueilPublic', 0, 24),
(1267, NULL, '2020-07-10 15:00:00', '2020-07-10 15:30:00', '#228B22', 34, 'AccueilPublic', 0, 24),
(1268, NULL, '2020-07-10 15:30:00', '2020-07-10 16:00:00', '#228B22', 32, 'AccueilPublic', 0, 24),
(1269, NULL, '2020-07-10 15:30:00', '2020-07-10 16:00:00', '#228B22', 34, 'AccueilPublic', 0, 24),
(1270, NULL, '2020-07-10 16:00:00', '2020-07-10 16:30:00', '#228B22', 32, 'AccueilPublic', 0, 24),
(1271, NULL, '2020-07-10 16:00:00', '2020-07-10 16:30:00', '#228B22', 34, 'AccueilPublic', 0, 24),
(1272, NULL, '2020-07-10 16:30:00', '2020-07-10 17:00:00', '#228B22', 26, 'AccueilPublic', 0, 24),
(1273, NULL, '2020-07-10 16:30:00', '2020-07-10 17:00:00', '#228B22', 33, 'AccueilPublic', 0, 24),
(1274, NULL, '2020-07-10 17:00:00', '2020-07-10 17:30:00', '#228B22', 26, 'AccueilPublic', 0, 24),
(1275, NULL, '2020-07-10 17:00:00', '2020-07-10 17:30:00', '#228B22', 33, 'AccueilPublic', 0, 24),
(1276, NULL, '2020-07-10 17:30:00', '2020-07-10 18:00:00', '#228B22', 26, 'AccueilPublic', 0, 24),
(1277, NULL, '2020-07-10 17:30:00', '2020-07-10 18:00:00', '#228B22', 33, 'AccueilPublic', 0, 24),
(1278, NULL, '2020-07-10 18:00:00', '2020-07-10 18:30:00', '#228B22', 26, 'AccueilPublic', 0, 24),
(1279, NULL, '2020-07-10 18:00:00', '2020-07-10 18:30:00', '#228B22', 33, 'AccueilPublic', 0, 24),
(1280, NULL, '2020-07-10 18:30:00', '2020-07-10 19:00:00', '#228B22', 10, 'AccueilPublic', 0, 24),
(1281, NULL, '2020-07-10 18:30:00', '2020-07-10 19:00:00', '#228B22', 11, 'AccueilPublic', 0, 24),
(1282, NULL, '2020-07-10 19:00:00', '2020-07-10 19:30:00', '#228B22', 10, 'AccueilPublic', 0, 24),
(1283, NULL, '2020-07-10 19:00:00', '2020-07-10 19:30:00', '#228B22', 11, 'AccueilPublic', 0, 24),
(1284, NULL, '2020-07-10 19:30:00', '2020-07-10 20:00:00', '#228B22', 10, 'AccueilPublic', 0, 24),
(1285, NULL, '2020-07-10 19:30:00', '2020-07-10 20:00:00', '#228B22', 11, 'AccueilPublic', 0, 24),
(1286, NULL, '2020-07-10 20:00:00', '2020-07-10 20:30:00', '#228B22', 11, 'AccueilPublic', 0, 24),
(1287, NULL, '2020-07-10 20:00:00', '2020-07-10 20:30:00', '#228B22', 10, 'AccueilPublic', 0, 24),
(1288, NULL, '2020-07-10 20:30:00', '2020-07-10 21:00:00', '#228B22', 10, 'AccueilPublic', 0, 24),
(1289, NULL, '2020-07-10 20:30:00', '2020-07-10 21:00:00', '#228B22', 11, 'AccueilPublic', 0, 24),
(1290, NULL, '2020-07-10 21:00:00', '2020-07-10 21:30:00', '#228B22', 14, 'AccueilPublic', 0, 24),
(1291, NULL, '2020-07-10 21:00:00', '2020-07-10 21:30:00', '#228B22', 15, 'AccueilPublic', 0, 24),
(1292, NULL, '2020-07-10 21:30:00', '2020-07-10 22:00:00', '#228B22', 15, 'AccueilPublic', 0, 24),
(1293, NULL, '2020-07-10 21:30:00', '2020-07-10 22:00:00', '#228B22', 14, 'AccueilPublic', 0, 24),
(1294, NULL, '2020-07-10 22:00:00', '2020-07-10 22:30:00', '#228B22', 14, 'AccueilPublic', 0, 24),
(1295, NULL, '2020-07-10 22:30:00', '2020-07-10 23:00:00', '#228B22', 11, 'AccueilPublic', 0, 24),
(1296, NULL, '2020-07-10 22:00:00', '2020-07-10 22:30:00', '#228B22', 11, 'AccueilPublic', 0, 24),
(1297, NULL, '2020-07-10 22:30:00', '2020-07-10 23:00:00', '#228B22', 14, 'AccueilPublic', 0, 24),
(1298, NULL, '2020-07-01 10:00:00', '2020-07-01 10:30:00', '#228B22', 20, 'Deco', 0, 24),
(1299, NULL, '2020-07-01 10:00:00', '2020-07-01 10:30:00', '#228B22', 21, 'Deco', 0, 24),
(1301, NULL, '2020-07-01 10:30:00', '2020-07-01 11:00:00', '#228B22', 20, 'Deco', 0, 24),
(1302, NULL, '2020-07-01 10:30:00', '2020-07-01 11:00:00', '#228B22', 21, 'Deco', 0, 24),
(1320, NULL, '2020-07-01 14:00:00', '2020-07-01 15:30:00', '#228B22', 31, 'OrganisationSpectacle', 276, 24),
(1414, NULL, '2020-09-19 16:30:00', '2020-09-19 18:00:00', '#228B22', 58, 'OrganisationSpectacle', 284, 26),
(1415, NULL, '2020-09-19 16:30:00', '2020-09-19 18:00:00', '#228B22', 61, 'OrganisationSpectacle', 284, 26),
(1416, NULL, '2020-09-20 14:00:00', '2020-09-20 15:30:00', '#228B22', 60, 'OrganisationSpectacle', 287, 26),
(1417, NULL, '2020-09-20 14:00:00', '2020-09-20 15:30:00', '#228B22', 54, 'OrganisationSpectacle', 287, 26),
(1418, NULL, '2020-10-02 14:00:00', '2020-10-02 14:30:00', '#228B22', 58, 'AccueilPublic', 0, 26),
(1419, NULL, '2020-10-02 14:30:00', '2020-10-02 15:00:00', '#228B22', 58, 'AccueilPublic', 0, 26),
(1420, NULL, '2020-10-02 15:00:00', '2020-10-02 15:30:00', '#228B22', 58, 'AccueilPublic', 0, 26),
(1421, NULL, '2020-10-02 15:30:00', '2020-10-02 16:00:00', '#228B22', 58, 'AccueilPublic', 0, 26),
(1422, NULL, '2020-10-02 16:00:00', '2020-10-02 16:30:00', '#228B22', 62, 'AccueilPublic', 0, 26),
(1423, NULL, '2020-10-02 16:30:00', '2020-10-02 17:00:00', '#228B22', 62, 'AccueilPublic', 0, 26),
(1424, NULL, '2020-10-02 17:00:00', '2020-10-02 17:30:00', '#228B22', 62, 'AccueilPublic', 0, 26),
(1425, NULL, '2020-10-02 17:30:00', '2020-10-02 18:00:00', '#228B22', 62, 'AccueilPublic', 0, 26),
(1427, NULL, '2020-10-03 14:30:00', '2020-10-03 15:00:00', '#228B22', 62, 'AccueilPublic', 0, 26),
(1428, NULL, '2020-10-03 15:00:00', '2020-10-03 15:30:00', '#228B22', 62, 'AccueilPublic', 0, 26),
(1429, NULL, '2020-10-03 15:30:00', '2020-10-03 16:00:00', '#228B22', 62, 'AccueilPublic', 0, 26),
(1430, NULL, '2020-10-03 16:00:00', '2020-10-03 16:30:00', '#228B22', 58, 'AccueilPublic', 0, 26),
(1431, NULL, '2020-10-03 16:30:00', '2020-10-03 17:00:00', '#228B22', 58, 'AccueilPublic', 0, 26),
(1432, NULL, '2020-10-03 17:00:00', '2020-10-03 17:30:00', '#228B22', 58, 'AccueilPublic', 0, 26),
(1433, NULL, '2020-10-03 17:30:00', '2020-10-03 18:00:00', '#228B22', 58, 'AccueilPublic', 0, 26),
(1434, NULL, '2020-10-04 16:00:00', '2020-10-04 16:30:00', '#228B22', 61, 'AccueilPublic', 0, 26),
(1435, NULL, '2020-10-04 16:30:00', '2020-10-04 17:00:00', '#228B22', 61, 'AccueilPublic', 0, 26),
(1436, NULL, '2020-10-04 17:00:00', '2020-10-04 17:30:00', '#228B22', 61, 'AccueilPublic', 0, 26),
(1437, NULL, '2020-10-04 17:30:00', '2020-10-04 18:00:00', '#228B22', 61, 'AccueilPublic', 0, 26),
(1438, NULL, '2020-10-02 18:00:00', '2020-10-02 19:00:00', '#228B22', 61, 'OrganisationSpectacle', 319, 26),
(1439, NULL, '2020-10-03 18:00:00', '2020-10-03 19:00:00', '#228B22', 63, 'OrganisationSpectacle', 320, 26),
(1440, NULL, '2020-10-03 18:00:00', '2020-10-03 19:00:00', '#228B22', 64, 'OrganisationSpectacle', 320, 26),
(1441, NULL, '2020-10-04 19:00:00', '2020-10-04 20:00:00', '#228B22', 61, 'OrganisationSpectacle', 321, 26),
(1442, NULL, '2020-10-03 18:00:00', '2020-10-03 19:00:00', '#228B22', 58, 'OrganisationSpectacle', 318, 26),
(1443, NULL, '2020-10-03 18:00:00', '2020-10-03 19:00:00', '#228B22', 62, 'OrganisationSpectacle', 318, 26),
(1444, NULL, '2020-10-04 19:00:00', '2020-10-04 20:00:00', '#228B22', 58, 'OrganisationSpectacle', 316, 26),
(1445, NULL, '2020-10-02 16:30:00', '2020-10-02 17:00:00', '#228B22', 59, 'OrganisationSpectacle', 322, 26),
(1446, NULL, '2020-10-03 14:30:00', '2020-10-03 15:00:00', '#228B22', 63, 'OrganisationSpectacle', 323, 26),
(1447, NULL, '2020-10-03 14:30:00', '2020-10-03 15:00:00', '#228B22', 64, 'OrganisationSpectacle', 323, 26),
(1448, NULL, '2020-10-03 16:30:00', '2020-10-03 17:00:00', '#228B22', 63, 'OrganisationSpectacle', 324, 26),
(1449, NULL, '2020-10-04 14:30:00', '2020-10-04 15:00:00', '#228B22', 63, 'OrganisationSpectacle', 325, 26),
(1450, NULL, '2020-10-02 16:30:00', '2020-10-02 18:00:00', '#228B22', 58, 'OrganisationSpectacle', 294, 26),
(1451, NULL, '2020-10-03 16:30:00', '2020-10-03 18:00:00', '#228B22', 60, 'OrganisationSpectacle', 295, 26),
(1452, NULL, '2020-10-03 16:30:00', '2020-10-03 18:00:00', '#228B22', 61, 'OrganisationSpectacle', 295, 26),
(1453, NULL, '2020-10-03 14:30:00', '2020-10-03 16:00:00', '#228B22', 60, 'OrganisationSpectacle', 300, 26),
(1454, NULL, '2020-10-03 14:30:00', '2020-10-03 16:00:00', '#228B22', 61, 'OrganisationSpectacle', 300, 26),
(1455, NULL, '2020-10-04 14:30:00', '2020-10-04 15:30:00', '#228B22', 58, 'OrganisationSpectacle', 311, 26),
(1456, NULL, '2020-10-04 14:30:00', '2020-10-04 15:30:00', '#228B22', 61, 'OrganisationSpectacle', 311, 26),
(1457, NULL, '2020-10-04 15:30:00', '2020-10-04 17:00:00', '#228B22', 58, 'OrganisationSpectacle', 301, 26),
(1458, NULL, '2020-10-04 15:30:00', '2020-10-04 17:00:00', '#228B22', 62, 'OrganisationSpectacle', 301, 26),
(1459, NULL, '2020-10-02 19:30:00', '2020-10-02 21:00:00', '#228B22', 58, 'OrganisationSpectacle', 298, 26),
(1460, NULL, '2020-10-02 19:30:00', '2020-10-02 21:00:00', '#228B22', 59, 'OrganisationSpectacle', 298, 26),
(1461, NULL, '2020-10-02 19:30:00', '2020-10-02 21:00:00', '#228B22', 62, 'OrganisationSpectacle', 298, 26),
(1462, NULL, '2020-10-03 19:30:00', '2020-10-03 21:00:00', '#228B22', 61, 'OrganisationSpectacle', 299, 26),
(1463, NULL, '2020-10-04 14:30:00', '2020-10-04 16:00:00', '#228B22', 64, 'OrganisationSpectacle', 308, 26),
(1464, NULL, '2020-10-04 14:30:00', '2020-10-04 16:00:00', '#228B22', 60, 'OrganisationSpectacle', 308, 26),
(1465, NULL, '2020-10-04 17:00:00', '2020-10-04 18:00:00', '#228B22', 64, 'OrganisationSpectacle', 306, 26),
(1466, NULL, '2020-10-04 17:00:00', '2020-10-04 18:00:00', '#228B22', 60, 'OrganisationSpectacle', 306, 26),
(1467, NULL, '2020-10-04 15:30:00', '2020-10-04 17:00:00', '#228B22', 65, 'OrganisationSpectacle', 310, 26),
(1468, NULL, '2020-10-02 14:00:00', '2020-10-02 16:00:00', '#228B22', 70, 'OrganisationSpectacle', 334, 26),
(1469, NULL, '2020-10-02 16:00:00', '2020-10-02 18:00:00', '#228B22', 56, 'OrganisationSpectacle', 335, 26),
(1577, NULL, '2020-09-20 14:00:00', '2020-09-20 14:30:00', '#228B22', 58, 'AccueilPublic', 0, 26),
(1578, NULL, '2020-09-20 14:00:00', '2020-09-20 14:30:00', '#228B22', 58, 'AccueilPublic', 0, 26),
(1579, NULL, '2020-03-16 10:00:00', '2020-03-16 11:00:00', '#228B22', 79, 'Caravane', 0, 1),
(1586, NULL, '2020-03-18 10:30:00', '2020-03-18 11:00:00', '#228B22', 79, 'AccueilPublic', 0, 1),
(1587, NULL, '2020-03-18 10:00:00', '2020-03-18 10:30:00', '#228B22', 79, 'AccueilPublic', 0, 1),
(1591, NULL, '2020-03-18 11:00:00', '2020-03-18 11:30:00', '#228B22', 79, 'AccueilPublic', 0, 1),
(1592, NULL, '2020-03-18 11:00:00', '2020-03-18 11:30:00', '#228B22', 43, 'AccueilPublic', 0, 1),
(1593, NULL, '2020-03-18 11:00:00', '2020-03-18 11:30:00', '#228B22', 42, 'AccueilPublic', 0, 1),
(1595, NULL, '2020-03-17 12:30:00', '2020-03-17 13:00:00', '#228B22', 79, 'AccueilPublic', 0, 1),
(1707, NULL, '2021-07-09 10:00:00', '2021-07-09 10:30:00', '#228B22', 117, 'AccueilPublic', 0, 38),
(1708, NULL, '2021-07-09 10:00:00', '2021-07-09 10:30:00', '#228B22', 120, 'AccueilPublic', 0, 38),
(1709, NULL, '2021-07-09 10:30:00', '2021-07-09 11:00:00', '#228B22', 119, 'AccueilPublic', 0, 38),
(1710, NULL, '2021-07-09 10:30:00', '2021-07-09 11:00:00', '#228B22', 117, 'AccueilPublic', 0, 38),
(1711, NULL, '2021-07-09 10:00:00', '2021-07-09 10:30:00', '#228B22', 122, 'Buvette', 0, 38);

-- --------------------------------------------------------

--
-- Structure de la table `h_utilisateur`
--

CREATE TABLE `h_utilisateur` (
  `id` int(11) NOT NULL,
  `title` varchar(255) COLLATE utf8_bin DEFAULT NULL,
  `start` datetime NOT NULL,
  `end` datetime DEFAULT NULL,
  `color` varchar(250) COLLATE utf8_bin DEFAULT NULL,
  `idUtilisateur` int(11) NOT NULL,
  `idSession` int(11) NOT NULL
) ENGINE=InnoDB DEFAULT CHARSET=utf8 COLLATE=utf8_bin;

--
-- Déchargement des données de la table `h_utilisateur`
--

INSERT INTO `h_utilisateur` (`id`, `title`, `start`, `end`, `color`, `idUtilisateur`, `idSession`) VALUES
(14, NULL, '2020-03-16 09:00:00', '2020-03-16 12:30:00', '#ff000f', 44, 1),
(12672, NULL, '2020-07-01 12:00:00', '2020-07-01 14:00:00', '#ff000f', 7, 24),
(12673, NULL, '2020-07-01 18:00:00', '2020-07-01 22:00:00', '#ff000f', 7, 24),
(12674, NULL, '2020-07-02 08:00:00', '2020-07-02 12:00:00', '#ff000f', 7, 24),
(12675, NULL, '2020-07-02 14:00:00', '2020-07-02 18:00:00', '#ff000f', 7, 24),
(12676, NULL, '2020-07-03 14:00:00', '2020-07-03 18:00:00', '#ff000f', 7, 24),
(12677, NULL, '2020-07-03 18:00:00', '2020-07-03 22:00:00', '#ff000f', 7, 24),
(12678, NULL, '2020-07-03 22:00:00', '2020-07-04 02:00:00', '#ff000f', 7, 24),
(12679, NULL, '2020-07-04 14:00:00', '2020-07-04 18:00:00', '#ff000f', 7, 24),
(12680, NULL, '2020-07-04 18:00:00', '2020-07-04 22:00:00', '#ff000f', 7, 24),
(12681, NULL, '2020-07-04 22:00:00', '2020-07-05 02:00:00', '#ff000f', 7, 24),
(12682, NULL, '2020-07-05 14:00:00', '2020-07-05 18:00:00', '#ff000f', 7, 24),
(12683, NULL, '2020-07-05 18:00:00', '2020-07-05 22:00:00', '#ff000f', 7, 24),
(12684, NULL, '2020-07-05 22:00:00', '2020-07-06 02:00:00', '#ff000f', 7, 24),
(12685, NULL, '2020-07-06 12:00:00', '2020-07-06 14:00:00', '#ff000f', 7, 24),
(12686, NULL, '2020-07-06 18:00:00', '2020-07-06 22:00:00', '#ff000f', 7, 24),
(12687, NULL, '2020-07-07 12:00:00', '2020-07-07 14:00:00', '#ff000f', 7, 24),
(12688, NULL, '2020-07-07 18:00:00', '2020-07-07 22:00:00', '#ff000f', 7, 24),
(12689, NULL, '2020-07-08 08:00:00', '2020-07-08 12:00:00', '#ff000f', 7, 24),
(12690, NULL, '2020-07-08 12:00:00', '2020-07-08 14:00:00', '#ff000f', 7, 24),
(12691, NULL, '2020-07-08 14:00:00', '2020-07-08 18:00:00', '#ff000f', 7, 24),
(12692, NULL, '2020-07-09 18:00:00', '2020-07-09 22:00:00', '#ff000f', 7, 24),
(12693, NULL, '2020-07-09 22:00:00', '2020-07-10 02:00:00', '#ff000f', 7, 24),
(12694, NULL, '2020-07-10 12:00:00', '2020-07-10 14:00:00', '#ff000f', 7, 24),
(12695, NULL, '2020-07-10 18:00:00', '2020-07-10 22:00:00', '#ff000f', 7, 24),
(12696, NULL, '2020-07-11 14:00:00', '2020-07-11 18:00:00', '#ff000f', 7, 24),
(12697, NULL, '2020-07-11 18:00:00', '2020-07-11 22:00:00', '#ff000f', 7, 24),
(12698, NULL, '2020-07-11 22:00:00', '2020-07-12 02:00:00', '#ff000f', 7, 24),
(12699, NULL, '2020-07-12 08:00:00', '2020-07-12 12:00:00', '#ff000f', 7, 24),
(12700, NULL, '2020-07-12 12:00:00', '2020-07-12 14:00:00', '#ff000f', 7, 24),
(12701, NULL, '2020-07-12 14:00:00', '2020-07-12 18:00:00', '#ff000f', 7, 24),
(12702, NULL, '2020-07-13 12:00:00', '2020-07-13 14:00:00', '#ff000f', 7, 24),
(12703, NULL, '2020-07-13 18:00:00', '2020-07-13 22:00:00', '#ff000f', 7, 24),
(12704, NULL, '2020-07-14 12:00:00', '2020-07-14 14:00:00', '#ff000f', 7, 24),
(12705, NULL, '2020-07-14 14:00:00', '2020-07-14 18:00:00', '#ff000f', 7, 24),
(12706, NULL, '2020-07-01 14:00:00', '2020-07-01 18:00:00', '#ff000f', 8, 24),
(12707, NULL, '2020-07-02 14:00:00', '2020-07-02 18:00:00', '#ff000f', 8, 24),
(12708, NULL, '2020-07-03 14:00:00', '2020-07-03 18:00:00', '#ff000f', 8, 24),
(12709, NULL, '2020-07-04 14:00:00', '2020-07-04 18:00:00', '#ff000f', 8, 24),
(12710, NULL, '2020-07-05 14:00:00', '2020-07-05 18:00:00', '#ff000f', 8, 24),
(12711, NULL, '2020-07-06 14:00:00', '2020-07-06 18:00:00', '#ff000f', 8, 24),
(12712, NULL, '2020-07-07 14:00:00', '2020-07-07 18:00:00', '#ff000f', 8, 24),
(12713, NULL, '2020-07-08 14:00:00', '2020-07-08 18:00:00', '#ff000f', 8, 24),
(12714, NULL, '2020-07-09 14:00:00', '2020-07-09 18:00:00', '#ff000f', 8, 24),
(12715, NULL, '2020-07-10 14:00:00', '2020-07-10 18:00:00', '#ff000f', 8, 24),
(12716, NULL, '2020-07-11 14:00:00', '2020-07-11 18:00:00', '#ff000f', 8, 24),
(12717, NULL, '2020-07-11 18:00:00', '2020-07-11 22:00:00', '#ff000f', 8, 24),
(12718, NULL, '2020-07-11 22:00:00', '2020-07-12 02:00:00', '#ff000f', 8, 24),
(12719, NULL, '2020-07-12 14:00:00', '2020-07-12 18:00:00', '#ff000f', 8, 24),
(12720, NULL, '2020-07-12 18:00:00', '2020-07-12 22:00:00', '#ff000f', 8, 24),
(12721, NULL, '2020-07-12 22:00:00', '2020-07-13 02:00:00', '#ff000f', 8, 24),
(12722, NULL, '2020-07-13 12:00:00', '2020-07-13 14:00:00', '#ff000f', 8, 24),
(12723, NULL, '2020-07-13 14:00:00', '2020-07-13 18:00:00', '#ff000f', 8, 24),
(12724, NULL, '2020-07-14 12:00:00', '2020-07-14 14:00:00', '#ff000f', 8, 24),
(12725, NULL, '2020-07-14 14:00:00', '2020-07-14 18:00:00', '#ff000f', 8, 24),
(12726, NULL, '2020-07-01 08:00:00', '2020-07-01 12:00:00', '#ff000f', 9, 24),
(12727, NULL, '2020-07-02 08:00:00', '2020-07-02 12:00:00', '#ff000f', 9, 24),
(12728, NULL, '2020-07-03 14:00:00', '2020-07-03 18:00:00', '#ff000f', 9, 24),
(12729, NULL, '2020-07-04 14:00:00', '2020-07-04 18:00:00', '#ff000f', 9, 24),
(12730, NULL, '2020-07-05 14:00:00', '2020-07-05 18:00:00', '#ff000f', 9, 24),
(12731, NULL, '2020-07-06 12:00:00', '2020-07-06 14:00:00', '#ff000f', 9, 24),
(12732, NULL, '2020-07-07 14:00:00', '2020-07-07 18:00:00', '#ff000f', 9, 24),
(12733, NULL, '2020-07-08 08:00:00', '2020-07-08 12:00:00', '#ff000f', 9, 24),
(12734, NULL, '2020-07-08 12:00:00', '2020-07-08 14:00:00', '#ff000f', 9, 24),
(12735, NULL, '2020-07-09 08:00:00', '2020-07-09 12:00:00', '#ff000f', 9, 24),
(12736, NULL, '2020-07-09 12:00:00', '2020-07-09 14:00:00', '#ff000f', 9, 24),
(12737, NULL, '2020-07-10 12:00:00', '2020-07-10 14:00:00', '#ff000f', 9, 24),
(12738, NULL, '2020-07-10 14:00:00', '2020-07-10 18:00:00', '#ff000f', 9, 24),
(12739, NULL, '2020-07-11 18:00:00', '2020-07-11 22:00:00', '#ff000f', 9, 24),
(12740, NULL, '2020-07-12 12:00:00', '2020-07-12 14:00:00', '#ff000f', 9, 24),
(12741, NULL, '2020-07-12 14:00:00', '2020-07-12 18:00:00', '#ff000f', 9, 24),
(12742, NULL, '2020-07-13 12:00:00', '2020-07-13 14:00:00', '#ff000f', 9, 24),
(12743, NULL, '2020-07-13 14:00:00', '2020-07-13 18:00:00', '#ff000f', 9, 24),
(12744, NULL, '2020-07-14 12:00:00', '2020-07-14 14:00:00', '#ff000f', 9, 24),
(12745, NULL, '2020-07-14 14:00:00', '2020-07-14 18:00:00', '#ff000f', 9, 24),
(12746, NULL, '2020-07-01 08:00:00', '2020-07-01 12:00:00', '#ff000f', 10, 24),
(12747, NULL, '2020-07-01 14:00:00', '2020-07-01 18:00:00', '#ff000f', 10, 24),
(12748, NULL, '2020-07-02 08:00:00', '2020-07-02 12:00:00', '#ff000f', 10, 24),
(12749, NULL, '2020-07-02 14:00:00', '2020-07-02 18:00:00', '#ff000f', 10, 24),
(12750, NULL, '2020-07-03 08:00:00', '2020-07-03 12:00:00', '#ff000f', 10, 24),
(12751, NULL, '2020-07-03 14:00:00', '2020-07-03 18:00:00', '#ff000f', 10, 24),
(12752, NULL, '2020-07-04 08:00:00', '2020-07-04 12:00:00', '#ff000f', 10, 24),
(12753, NULL, '2020-07-04 14:00:00', '2020-07-04 18:00:00', '#ff000f', 10, 24),
(12754, NULL, '2020-07-05 08:00:00', '2020-07-05 12:00:00', '#ff000f', 10, 24),
(12755, NULL, '2020-07-05 14:00:00', '2020-07-05 18:00:00', '#ff000f', 10, 24),
(12756, NULL, '2020-07-09 12:00:00', '2020-07-09 14:00:00', '#ff000f', 10, 24),
(12757, NULL, '2020-07-09 14:00:00', '2020-07-09 18:00:00', '#ff000f', 10, 24),
(12758, NULL, '2020-07-09 18:00:00', '2020-07-09 22:00:00', '#ff000f', 10, 24),
(12759, NULL, '2020-07-10 14:00:00', '2020-07-10 18:00:00', '#ff000f', 10, 24),
(12760, NULL, '2020-07-10 18:00:00', '2020-07-10 22:00:00', '#ff000f', 10, 24),
(12761, NULL, '2020-07-11 14:00:00', '2020-07-11 18:00:00', '#ff000f', 10, 24),
(12762, NULL, '2020-07-11 18:00:00', '2020-07-11 22:00:00', '#ff000f', 10, 24),
(12763, NULL, '2020-07-12 08:00:00', '2020-07-12 12:00:00', '#ff000f', 10, 24),
(12764, NULL, '2020-07-12 18:00:00', '2020-07-12 22:00:00', '#ff000f', 10, 24),
(12765, NULL, '2020-07-12 22:00:00', '2020-07-13 02:00:00', '#ff000f', 10, 24),
(12766, NULL, '2020-07-13 08:00:00', '2020-07-13 12:00:00', '#ff000f', 10, 24),
(12767, NULL, '2020-07-13 12:00:00', '2020-07-13 14:00:00', '#ff000f', 10, 24),
(12768, NULL, '2020-07-14 08:00:00', '2020-07-14 12:00:00', '#ff000f', 10, 24),
(12769, NULL, '2020-07-14 12:00:00', '2020-07-14 14:00:00', '#ff000f', 10, 24),
(12770, NULL, '2020-07-14 14:00:00', '2020-07-14 18:00:00', '#ff000f', 10, 24),
(12771, NULL, '2020-07-01 08:00:00', '2020-07-01 12:00:00', '#ff000f', 11, 24),
(12772, NULL, '2020-07-01 14:00:00', '2020-07-01 18:00:00', '#ff000f', 11, 24),
(12773, NULL, '2020-07-02 08:00:00', '2020-07-02 12:00:00', '#ff000f', 11, 24),
(12774, NULL, '2020-07-02 14:00:00', '2020-07-02 18:00:00', '#ff000f', 11, 24),
(12775, NULL, '2020-07-03 08:00:00', '2020-07-03 12:00:00', '#ff000f', 11, 24),
(12776, NULL, '2020-07-03 14:00:00', '2020-07-03 18:00:00', '#ff000f', 11, 24),
(12777, NULL, '2020-07-04 14:00:00', '2020-07-04 18:00:00', '#ff000f', 11, 24),
(12778, NULL, '2020-07-05 14:00:00', '2020-07-05 18:00:00', '#ff000f', 11, 24),
(12779, NULL, '2020-07-06 12:00:00', '2020-07-06 14:00:00', '#ff000f', 11, 24),
(12780, NULL, '2020-07-06 18:00:00', '2020-07-06 22:00:00', '#ff000f', 11, 24),
(12781, NULL, '2020-07-09 14:00:00', '2020-07-09 18:00:00', '#ff000f', 11, 24),
(12782, NULL, '2020-07-09 18:00:00', '2020-07-09 22:00:00', '#ff000f', 11, 24),
(12783, NULL, '2020-07-10 14:00:00', '2020-07-10 18:00:00', '#ff000f', 11, 24),
(12784, NULL, '2020-07-10 18:00:00', '2020-07-10 22:00:00', '#ff000f', 11, 24),
(12785, NULL, '2020-07-10 22:00:00', '2020-07-11 02:00:00', '#ff000f', 11, 24),
(12786, NULL, '2020-07-11 14:00:00', '2020-07-11 18:00:00', '#ff000f', 11, 24),
(12787, NULL, '2020-07-11 18:00:00', '2020-07-11 22:00:00', '#ff000f', 11, 24),
(12788, NULL, '2020-07-11 22:00:00', '2020-07-12 02:00:00', '#ff000f', 11, 24),
(12789, NULL, '2020-07-12 14:00:00', '2020-07-12 18:00:00', '#ff000f', 11, 24),
(12790, NULL, '2020-07-12 18:00:00', '2020-07-12 22:00:00', '#ff000f', 11, 24),
(12791, NULL, '2020-07-12 22:00:00', '2020-07-13 02:00:00', '#ff000f', 11, 24),
(12792, NULL, '2020-07-13 14:00:00', '2020-07-13 18:00:00', '#ff000f', 11, 24),
(12793, NULL, '2020-07-13 18:00:00', '2020-07-13 22:00:00', '#ff000f', 11, 24),
(12794, NULL, '2020-07-14 12:00:00', '2020-07-14 14:00:00', '#ff000f', 11, 24),
(12795, NULL, '2020-07-14 14:00:00', '2020-07-14 18:00:00', '#ff000f', 11, 24),
(12796, NULL, '2020-07-01 08:00:00', '2020-07-01 12:00:00', '#ff000f', 12, 24),
(12797, NULL, '2020-07-01 18:00:00', '2020-07-01 22:00:00', '#ff000f', 12, 24),
(12798, NULL, '2020-07-02 08:00:00', '2020-07-02 12:00:00', '#ff000f', 12, 24),
(12799, NULL, '2020-07-02 18:00:00', '2020-07-02 22:00:00', '#ff000f', 12, 24),
(12800, NULL, '2020-07-03 08:00:00', '2020-07-03 12:00:00', '#ff000f', 12, 24),
(12801, NULL, '2020-07-03 18:00:00', '2020-07-03 22:00:00', '#ff000f', 12, 24),
(12802, NULL, '2020-07-10 08:00:00', '2020-07-10 12:00:00', '#ff000f', 12, 24),
(12803, NULL, '2020-07-10 14:00:00', '2020-07-10 18:00:00', '#ff000f', 12, 24),
(12804, NULL, '2020-07-10 18:00:00', '2020-07-10 22:00:00', '#ff000f', 12, 24),
(12805, NULL, '2020-07-11 08:00:00', '2020-07-11 12:00:00', '#ff000f', 12, 24),
(12806, NULL, '2020-07-11 12:00:00', '2020-07-11 14:00:00', '#ff000f', 12, 24),
(12807, NULL, '2020-07-11 14:00:00', '2020-07-11 18:00:00', '#ff000f', 12, 24),
(12808, NULL, '2020-07-11 18:00:00', '2020-07-11 22:00:00', '#ff000f', 12, 24),
(12809, NULL, '2020-07-11 22:00:00', '2020-07-12 02:00:00', '#ff000f', 12, 24),
(12810, NULL, '2020-07-12 14:00:00', '2020-07-12 18:00:00', '#ff000f', 12, 24),
(12811, NULL, '2020-07-12 18:00:00', '2020-07-12 22:00:00', '#ff000f', 12, 24),
(12812, NULL, '2020-07-12 22:00:00', '2020-07-13 02:00:00', '#ff000f', 12, 24),
(12813, NULL, '2020-07-13 08:00:00', '2020-07-13 12:00:00', '#ff000f', 12, 24),
(12814, NULL, '2020-07-13 12:00:00', '2020-07-13 14:00:00', '#ff000f', 12, 24),
(12815, NULL, '2020-07-13 14:00:00', '2020-07-13 18:00:00', '#ff000f', 12, 24),
(12816, NULL, '2020-07-14 14:00:00', '2020-07-14 18:00:00', '#ff000f', 12, 24),
(12817, NULL, '2020-07-01 08:00:00', '2020-07-01 12:00:00', '#ff000f', 13, 24),
(12818, NULL, '2020-07-01 14:00:00', '2020-07-01 18:00:00', '#ff000f', 13, 24),
(12819, NULL, '2020-07-09 08:00:00', '2020-07-09 12:00:00', '#ff000f', 13, 24),
(12820, NULL, '2020-07-09 12:00:00', '2020-07-09 14:00:00', '#ff000f', 13, 24),
(12821, NULL, '2020-07-09 14:00:00', '2020-07-09 18:00:00', '#ff000f', 13, 24),
(12822, NULL, '2020-07-09 18:00:00', '2020-07-09 22:00:00', '#ff000f', 13, 24),
(12823, NULL, '2020-07-10 14:00:00', '2020-07-10 18:00:00', '#ff000f', 13, 24),
(12824, NULL, '2020-07-10 18:00:00', '2020-07-10 22:00:00', '#ff000f', 13, 24),
(12825, NULL, '2020-07-11 14:00:00', '2020-07-11 18:00:00', '#ff000f', 13, 24),
(12826, NULL, '2020-07-11 18:00:00', '2020-07-11 22:00:00', '#ff000f', 13, 24),
(12827, NULL, '2020-07-11 22:00:00', '2020-07-12 02:00:00', '#ff000f', 13, 24),
(12828, NULL, '2020-07-12 14:00:00', '2020-07-12 18:00:00', '#ff000f', 13, 24),
(12829, NULL, '2020-07-12 18:00:00', '2020-07-12 22:00:00', '#ff000f', 13, 24),
(12830, NULL, '2020-07-12 22:00:00', '2020-07-13 02:00:00', '#ff000f', 13, 24),
(12831, NULL, '2020-07-13 08:00:00', '2020-07-13 12:00:00', '#ff000f', 13, 24),
(12832, NULL, '2020-07-13 12:00:00', '2020-07-13 14:00:00', '#ff000f', 13, 24),
(12833, NULL, '2020-07-13 14:00:00', '2020-07-13 18:00:00', '#ff000f', 13, 24),
(12834, NULL, '2020-07-14 12:00:00', '2020-07-14 14:00:00', '#ff000f', 13, 24),
(12835, NULL, '2020-07-14 14:00:00', '2020-07-14 18:00:00', '#ff000f', 13, 24),
(12836, NULL, '2020-07-14 18:00:00', '2020-07-14 22:00:00', '#ff000f', 13, 24),
(12837, NULL, '2020-07-09 14:00:00', '2020-07-09 18:00:00', '#ff000f', 14, 24),
(12838, NULL, '2020-07-09 18:00:00', '2020-07-09 22:00:00', '#ff000f', 14, 24),
(12839, NULL, '2020-07-09 22:00:00', '2020-07-10 02:00:00', '#ff000f', 14, 24),
(12840, NULL, '2020-07-10 08:00:00', '2020-07-10 12:00:00', '#ff000f', 14, 24),
(12841, NULL, '2020-07-10 12:00:00', '2020-07-10 14:00:00', '#ff000f', 14, 24),
(12842, NULL, '2020-07-10 14:00:00', '2020-07-10 18:00:00', '#ff000f', 14, 24),
(12843, NULL, '2020-07-10 18:00:00', '2020-07-10 22:00:00', '#ff000f', 14, 24),
(12844, NULL, '2020-07-10 22:00:00', '2020-07-11 02:00:00', '#ff000f', 14, 24),
(12845, NULL, '2020-07-11 08:00:00', '2020-07-11 12:00:00', '#ff000f', 14, 24),
(12846, NULL, '2020-07-11 12:00:00', '2020-07-11 14:00:00', '#ff000f', 14, 24),
(12847, NULL, '2020-07-11 14:00:00', '2020-07-11 18:00:00', '#ff000f', 14, 24),
(12848, NULL, '2020-07-11 18:00:00', '2020-07-11 22:00:00', '#ff000f', 14, 24),
(12849, NULL, '2020-07-11 22:00:00', '2020-07-12 02:00:00', '#ff000f', 14, 24),
(12850, NULL, '2020-07-12 08:00:00', '2020-07-12 12:00:00', '#ff000f', 14, 24),
(12851, NULL, '2020-07-12 12:00:00', '2020-07-12 14:00:00', '#ff000f', 14, 24),
(12852, NULL, '2020-07-12 14:00:00', '2020-07-12 18:00:00', '#ff000f', 14, 24),
(12853, NULL, '2020-07-12 18:00:00', '2020-07-12 22:00:00', '#ff000f', 14, 24),
(12854, NULL, '2020-07-12 22:00:00', '2020-07-13 02:00:00', '#ff000f', 14, 24),
(12855, NULL, '2020-07-13 14:00:00', '2020-07-13 18:00:00', '#ff000f', 14, 24),
(12856, NULL, '2020-07-13 18:00:00', '2020-07-13 22:00:00', '#ff000f', 14, 24),
(12857, NULL, '2020-07-13 22:00:00', '2020-07-14 02:00:00', '#ff000f', 14, 24),
(12858, NULL, '2020-07-14 12:00:00', '2020-07-14 14:00:00', '#ff000f', 14, 24),
(12859, NULL, '2020-07-14 14:00:00', '2020-07-14 18:00:00', '#ff000f', 14, 24),
(12860, NULL, '2020-07-14 18:00:00', '2020-07-14 22:00:00', '#ff000f', 14, 24),
(12861, NULL, '2020-07-14 22:00:00', '2020-07-15 02:00:00', '#ff000f', 14, 24),
(12862, NULL, '2020-07-01 14:00:00', '2020-07-01 18:00:00', '#ff000f', 15, 24),
(12863, NULL, '2020-07-01 18:00:00', '2020-07-01 22:00:00', '#ff000f', 15, 24),
(12864, NULL, '2020-07-01 22:00:00', '2020-07-02 02:00:00', '#ff000f', 15, 24),
(12865, NULL, '2020-07-02 12:00:00', '2020-07-02 14:00:00', '#ff000f', 15, 24),
(12866, NULL, '2020-07-02 14:00:00', '2020-07-02 18:00:00', '#ff000f', 15, 24),
(12867, NULL, '2020-07-02 18:00:00', '2020-07-02 22:00:00', '#ff000f', 15, 24),
(12868, NULL, '2020-07-02 22:00:00', '2020-07-03 02:00:00', '#ff000f', 15, 24),
(12869, NULL, '2020-07-09 08:00:00', '2020-07-09 12:00:00', '#ff000f', 15, 24),
(12870, NULL, '2020-07-09 12:00:00', '2020-07-09 14:00:00', '#ff000f', 15, 24),
(12871, NULL, '2020-07-09 14:00:00', '2020-07-09 18:00:00', '#ff000f', 15, 24),
(12872, NULL, '2020-07-10 14:00:00', '2020-07-10 18:00:00', '#ff000f', 15, 24),
(12873, NULL, '2020-07-10 18:00:00', '2020-07-10 22:00:00', '#ff000f', 15, 24),
(12874, NULL, '2020-07-11 14:00:00', '2020-07-11 18:00:00', '#ff000f', 15, 24),
(12875, NULL, '2020-07-11 18:00:00', '2020-07-11 22:00:00', '#ff000f', 15, 24),
(12876, NULL, '2020-07-11 22:00:00', '2020-07-12 02:00:00', '#ff000f', 15, 24),
(12877, NULL, '2020-07-13 14:00:00', '2020-07-13 18:00:00', '#ff000f', 15, 24),
(12878, NULL, '2020-07-13 18:00:00', '2020-07-13 22:00:00', '#ff000f', 15, 24),
(12879, NULL, '2020-07-13 22:00:00', '2020-07-14 02:00:00', '#ff000f', 15, 24),
(12880, NULL, '2020-07-14 14:00:00', '2020-07-14 18:00:00', '#ff000f', 15, 24),
(12881, NULL, '2020-07-14 18:00:00', '2020-07-14 22:00:00', '#ff000f', 15, 24),
(12882, NULL, '2020-07-14 22:00:00', '2020-07-15 02:00:00', '#ff000f', 15, 24),
(12883, NULL, '2020-07-03 08:00:00', '2020-07-03 11:30:00', '#ff000f', 16, 24),
(12884, NULL, '2020-07-09 14:00:00', '2020-07-09 18:00:00', '#ff000f', 16, 24),
(12885, NULL, '2020-07-09 18:00:00', '2020-07-09 22:00:00', '#ff000f', 16, 24),
(12886, NULL, '2020-07-09 22:00:00', '2020-07-10 02:00:00', '#ff000f', 16, 24),
(12887, NULL, '2020-07-10 14:00:00', '2020-07-10 18:00:00', '#ff000f', 16, 24),
(12888, NULL, '2020-07-10 18:00:00', '2020-07-10 22:00:00', '#ff000f', 16, 24),
(12889, NULL, '2020-07-11 08:00:00', '2020-07-11 12:00:00', '#ff000f', 16, 24),
(12890, NULL, '2020-07-11 14:00:00', '2020-07-11 18:00:00', '#ff000f', 16, 24),
(12891, NULL, '2020-07-11 22:00:00', '2020-07-12 02:00:00', '#ff000f', 16, 24),
(12892, NULL, '2020-07-12 14:00:00', '2020-07-12 18:00:00', '#ff000f', 16, 24),
(12893, NULL, '2020-07-13 14:00:00', '2020-07-13 18:00:00', '#ff000f', 16, 24),
(12894, NULL, '2020-07-09 14:00:00', '2020-07-09 18:00:00', '#ff000f', 17, 24),
(12895, NULL, '2020-07-09 18:00:00', '2020-07-09 22:00:00', '#ff000f', 17, 24),
(12896, NULL, '2020-07-09 22:00:00', '2020-07-10 02:00:00', '#ff000f', 17, 24),
(12897, NULL, '2020-07-10 08:00:00', '2020-07-10 12:00:00', '#ff000f', 17, 24),
(12898, NULL, '2020-07-10 12:00:00', '2020-07-10 14:00:00', '#ff000f', 17, 24),
(12899, NULL, '2020-07-10 14:00:00', '2020-07-10 18:00:00', '#ff000f', 17, 24),
(12900, NULL, '2020-07-10 18:00:00', '2020-07-10 22:00:00', '#ff000f', 17, 24),
(12901, NULL, '2020-07-11 14:00:00', '2020-07-11 18:00:00', '#ff000f', 17, 24),
(12902, NULL, '2020-07-11 18:00:00', '2020-07-11 22:00:00', '#ff000f', 17, 24),
(12903, NULL, '2020-07-12 14:00:00', '2020-07-12 18:00:00', '#ff000f', 17, 24),
(12904, NULL, '2020-07-12 18:00:00', '2020-07-12 22:00:00', '#ff000f', 17, 24),
(12905, NULL, '2020-07-12 22:00:00', '2020-07-13 02:00:00', '#ff000f', 17, 24),
(12906, NULL, '2020-07-13 08:00:00', '2020-07-13 12:00:00', '#ff000f', 17, 24),
(12907, NULL, '2020-07-13 14:00:00', '2020-07-13 18:00:00', '#ff000f', 17, 24),
(12908, NULL, '2020-07-14 12:00:00', '2020-07-14 14:00:00', '#ff000f', 17, 24),
(12909, NULL, '2020-07-14 14:00:00', '2020-07-14 18:00:00', '#ff000f', 17, 24),
(12910, NULL, '2020-07-01 12:00:00', '2020-07-01 14:00:00', '#ff000f', 18, 24),
(12911, NULL, '2020-07-01 18:00:00', '2020-07-01 22:00:00', '#ff000f', 18, 24),
(12912, NULL, '2020-07-02 14:00:00', '2020-07-02 18:00:00', '#ff000f', 18, 24),
(12913, NULL, '2020-07-02 18:00:00', '2020-07-02 22:00:00', '#ff000f', 18, 24),
(12914, NULL, '2020-07-03 14:00:00', '2020-07-03 18:00:00', '#ff000f', 18, 24),
(12915, NULL, '2020-07-03 18:00:00', '2020-07-03 22:00:00', '#ff000f', 18, 24),
(12916, NULL, '2020-07-09 14:00:00', '2020-07-09 18:00:00', '#ff000f', 18, 24),
(12917, NULL, '2020-07-09 18:00:00', '2020-07-09 22:00:00', '#ff000f', 18, 24),
(12918, NULL, '2020-07-09 22:00:00', '2020-07-10 02:00:00', '#ff000f', 18, 24),
(12919, NULL, '2020-07-10 08:00:00', '2020-07-10 12:00:00', '#ff000f', 18, 24),
(12920, NULL, '2020-07-10 14:00:00', '2020-07-10 18:00:00', '#ff000f', 18, 24),
(12921, NULL, '2020-07-10 18:00:00', '2020-07-10 22:00:00', '#ff000f', 18, 24),
(12922, NULL, '2020-07-11 08:00:00', '2020-07-11 12:00:00', '#ff000f', 18, 24),
(12923, NULL, '2020-07-11 18:00:00', '2020-07-11 22:00:00', '#ff000f', 18, 24),
(12924, NULL, '2020-07-11 22:00:00', '2020-07-12 02:00:00', '#ff000f', 18, 24),
(12925, NULL, '2020-07-12 14:00:00', '2020-07-12 18:00:00', '#ff000f', 18, 24),
(12926, NULL, '2020-07-12 18:00:00', '2020-07-12 22:00:00', '#ff000f', 18, 24),
(12927, NULL, '2020-07-12 22:00:00', '2020-07-13 02:00:00', '#ff000f', 18, 24),
(12928, NULL, '2020-07-13 08:00:00', '2020-07-13 12:00:00', '#ff000f', 18, 24),
(12929, NULL, '2020-07-13 12:00:00', '2020-07-13 14:00:00', '#ff000f', 18, 24),
(12930, NULL, '2020-07-13 14:00:00', '2020-07-13 18:00:00', '#ff000f', 18, 24),
(12931, NULL, '2020-07-09 14:00:00', '2020-07-09 18:00:00', '#ff000f', 19, 24),
(12932, NULL, '2020-07-09 18:00:00', '2020-07-09 22:00:00', '#ff000f', 19, 24),
(12933, NULL, '2020-07-09 22:00:00', '2020-07-10 02:00:00', '#ff000f', 19, 24),
(12934, NULL, '2020-07-10 14:00:00', '2020-07-10 18:00:00', '#ff000f', 19, 24),
(12935, NULL, '2020-07-10 18:00:00', '2020-07-10 22:00:00', '#ff000f', 19, 24),
(12936, NULL, '2020-07-10 22:00:00', '2020-07-11 02:00:00', '#ff000f', 19, 24),
(12937, NULL, '2020-07-11 14:00:00', '2020-07-11 18:00:00', '#ff000f', 19, 24),
(12938, NULL, '2020-07-11 18:00:00', '2020-07-11 22:00:00', '#ff000f', 19, 24),
(12939, NULL, '2020-07-11 22:00:00', '2020-07-12 02:00:00', '#ff000f', 19, 24),
(12940, NULL, '2020-07-12 14:00:00', '2020-07-12 18:00:00', '#ff000f', 19, 24),
(12941, NULL, '2020-07-12 18:00:00', '2020-07-12 22:00:00', '#ff000f', 19, 24),
(12942, NULL, '2020-07-12 22:00:00', '2020-07-13 02:00:00', '#ff000f', 19, 24),
(12943, NULL, '2020-07-13 08:00:00', '2020-07-13 12:00:00', '#ff000f', 19, 24),
(12944, NULL, '2020-07-13 14:00:00', '2020-07-13 18:00:00', '#ff000f', 19, 24),
(12945, NULL, '2020-07-14 08:00:00', '2020-07-14 12:00:00', '#ff000f', 19, 24),
(12946, NULL, '2020-07-14 14:00:00', '2020-07-14 18:00:00', '#ff000f', 19, 24),
(12947, NULL, '2020-07-01 08:00:00', '2020-07-01 12:00:00', '#ff000f', 20, 24),
(12948, NULL, '2020-07-01 12:00:00', '2020-07-01 14:00:00', '#ff000f', 20, 24),
(12949, NULL, '2020-07-02 14:00:00', '2020-07-02 18:00:00', '#ff000f', 20, 24),
(12950, NULL, '2020-07-02 18:00:00', '2020-07-02 22:00:00', '#ff000f', 20, 24),
(12951, NULL, '2020-07-03 14:00:00', '2020-07-03 18:00:00', '#ff000f', 20, 24),
(12952, NULL, '2020-07-03 18:00:00', '2020-07-03 22:00:00', '#ff000f', 20, 24),
(12953, NULL, '2020-07-07 14:00:00', '2020-07-07 18:00:00', '#ff000f', 20, 24),
(12954, NULL, '2020-07-07 18:00:00', '2020-07-07 22:00:00', '#ff000f', 20, 24),
(12955, NULL, '2020-07-08 08:00:00', '2020-07-08 12:00:00', '#ff000f', 20, 24),
(12956, NULL, '2020-07-08 14:00:00', '2020-07-08 18:00:00', '#ff000f', 20, 24),
(12957, NULL, '2020-07-09 08:00:00', '2020-07-09 12:00:00', '#ff000f', 20, 24),
(12958, NULL, '2020-07-09 14:00:00', '2020-07-09 18:00:00', '#ff000f', 20, 24),
(12959, NULL, '2020-07-09 18:00:00', '2020-07-09 22:00:00', '#ff000f', 20, 24),
(12960, NULL, '2020-07-10 08:00:00', '2020-07-10 12:00:00', '#ff000f', 20, 24),
(12961, NULL, '2020-07-10 14:00:00', '2020-07-10 18:00:00', '#ff000f', 20, 24),
(12962, NULL, '2020-07-10 18:00:00', '2020-07-10 22:00:00', '#ff000f', 20, 24),
(12963, NULL, '2020-07-10 22:00:00', '2020-07-11 02:00:00', '#ff000f', 20, 24),
(12964, NULL, '2020-07-11 14:00:00', '2020-07-11 18:00:00', '#ff000f', 20, 24),
(12965, NULL, '2020-07-11 18:00:00', '2020-07-11 22:00:00', '#ff000f', 20, 24),
(12966, NULL, '2020-07-11 22:00:00', '2020-07-12 02:00:00', '#ff000f', 20, 24),
(12967, NULL, '2020-07-12 12:00:00', '2020-07-12 14:00:00', '#ff000f', 20, 24),
(12968, NULL, '2020-07-12 14:00:00', '2020-07-12 18:00:00', '#ff000f', 20, 24),
(12969, NULL, '2020-07-12 18:00:00', '2020-07-12 22:00:00', '#ff000f', 20, 24),
(12970, NULL, '2020-07-12 22:00:00', '2020-07-13 02:00:00', '#ff000f', 20, 24),
(12971, NULL, '2020-07-13 12:00:00', '2020-07-13 14:00:00', '#ff000f', 20, 24),
(12972, NULL, '2020-07-13 14:00:00', '2020-07-13 18:00:00', '#ff000f', 20, 24),
(12973, NULL, '2020-07-13 18:00:00', '2020-07-13 22:00:00', '#ff000f', 20, 24),
(12974, NULL, '2020-07-01 08:00:00', '2020-07-01 12:00:00', '#ff000f', 21, 24),
(12975, NULL, '2020-07-01 18:00:00', '2020-07-01 22:00:00', '#ff000f', 21, 24),
(12976, NULL, '2020-07-02 14:00:00', '2020-07-02 18:00:00', '#ff000f', 21, 24),
(12977, NULL, '2020-07-02 18:00:00', '2020-07-02 22:00:00', '#ff000f', 21, 24),
(12978, NULL, '2020-07-03 14:00:00', '2020-07-03 18:00:00', '#ff000f', 21, 24),
(12979, NULL, '2020-07-03 18:00:00', '2020-07-03 22:00:00', '#ff000f', 21, 24),
(12980, NULL, '2020-07-04 14:00:00', '2020-07-04 18:00:00', '#ff000f', 21, 24),
(12981, NULL, '2020-07-04 18:00:00', '2020-07-04 22:00:00', '#ff000f', 21, 24),
(12982, NULL, '2020-07-11 12:00:00', '2020-07-11 14:00:00', '#ff000f', 21, 24),
(12983, NULL, '2020-07-11 18:00:00', '2020-07-11 22:00:00', '#ff000f', 21, 24),
(12984, NULL, '2020-07-12 12:00:00', '2020-07-12 14:00:00', '#ff000f', 21, 24),
(12985, NULL, '2020-07-12 18:00:00', '2020-07-12 22:00:00', '#ff000f', 21, 24),
(12986, NULL, '2020-07-13 08:00:00', '2020-07-13 12:00:00', '#ff000f', 21, 24),
(12987, NULL, '2020-07-13 12:00:00', '2020-07-13 14:00:00', '#ff000f', 21, 24),
(12988, NULL, '2020-07-13 14:00:00', '2020-07-13 18:00:00', '#ff000f', 21, 24),
(12989, NULL, '2020-07-10 12:00:00', '2020-07-10 14:00:00', '#ff000f', 22, 24),
(12990, NULL, '2020-07-10 14:00:00', '2020-07-10 18:00:00', '#ff000f', 22, 24),
(12991, NULL, '2020-07-10 18:00:00', '2020-07-10 22:00:00', '#ff000f', 22, 24),
(12992, NULL, '2020-07-10 22:00:00', '2020-07-11 02:00:00', '#ff000f', 22, 24),
(12993, NULL, '2020-07-11 08:00:00', '2020-07-11 12:00:00', '#ff000f', 22, 24),
(12994, NULL, '2020-07-11 12:00:00', '2020-07-11 14:00:00', '#ff000f', 22, 24),
(12995, NULL, '2020-07-11 14:00:00', '2020-07-11 18:00:00', '#ff000f', 22, 24),
(12996, NULL, '2020-07-11 18:00:00', '2020-07-11 22:00:00', '#ff000f', 22, 24),
(12997, NULL, '2020-07-11 22:00:00', '2020-07-12 02:00:00', '#ff000f', 22, 24),
(12998, NULL, '2020-07-12 08:00:00', '2020-07-12 12:00:00', '#ff000f', 22, 24),
(12999, NULL, '2020-07-12 12:00:00', '2020-07-12 14:00:00', '#ff000f', 22, 24),
(13000, NULL, '2020-07-12 14:00:00', '2020-07-12 18:00:00', '#ff000f', 22, 24),
(13001, NULL, '2020-07-12 18:00:00', '2020-07-12 22:00:00', '#ff000f', 22, 24),
(13002, NULL, '2020-07-12 22:00:00', '2020-07-13 02:00:00', '#ff000f', 22, 24),
(13003, NULL, '2020-07-13 08:00:00', '2020-07-13 12:00:00', '#ff000f', 22, 24),
(13004, NULL, '2020-07-13 12:00:00', '2020-07-13 14:00:00', '#ff000f', 22, 24),
(13005, NULL, '2020-07-01 14:00:00', '2020-07-01 18:00:00', '#ff000f', 24, 24),
(13006, NULL, '2020-07-02 14:00:00', '2020-07-02 18:00:00', '#ff000f', 24, 24),
(13007, NULL, '2020-07-03 14:00:00', '2020-07-03 18:00:00', '#ff000f', 24, 24),
(13008, NULL, '2020-07-06 14:00:00', '2020-07-06 18:00:00', '#ff000f', 24, 24),
(13009, NULL, '2020-07-07 14:00:00', '2020-07-07 18:00:00', '#ff000f', 24, 24),
(13010, NULL, '2020-07-08 14:00:00', '2020-07-08 18:00:00', '#ff000f', 24, 24),
(13011, NULL, '2020-07-09 14:00:00', '2020-07-09 18:00:00', '#ff000f', 24, 24),
(13012, NULL, '2020-07-10 14:00:00', '2020-07-10 18:00:00', '#ff000f', 24, 24),
(13013, NULL, '2020-07-11 14:00:00', '2020-07-11 18:00:00', '#ff000f', 24, 24),
(13014, NULL, '2020-07-13 14:00:00', '2020-07-13 18:00:00', '#ff000f', 24, 24),
(13015, NULL, '2020-07-14 14:00:00', '2020-07-14 18:00:00', '#ff000f', 24, 24),
(13016, NULL, '2020-07-10 14:00:00', '2020-07-10 18:00:00', '#ff000f', 25, 24),
(13017, NULL, '2020-07-10 18:00:00', '2020-07-10 22:00:00', '#ff000f', 25, 24),
(13018, NULL, '2020-07-11 14:00:00', '2020-07-11 18:00:00', '#ff000f', 25, 24),
(13019, NULL, '2020-07-12 08:00:00', '2020-07-12 12:00:00', '#ff000f', 25, 24),
(13020, NULL, '2020-07-12 12:00:00', '2020-07-12 14:00:00', '#ff000f', 25, 24),
(13021, NULL, '2020-07-12 14:00:00', '2020-07-12 18:00:00', '#ff000f', 25, 24),
(13022, NULL, '2020-07-01 14:00:00', '2020-07-01 18:00:00', '#ff000f', 26, 24),
(13023, NULL, '2020-07-02 14:00:00', '2020-07-02 18:00:00', '#ff000f', 26, 24),
(13024, NULL, '2020-07-03 14:00:00', '2020-07-03 18:00:00', '#ff000f', 26, 24),
(13025, NULL, '2020-07-06 14:00:00', '2020-07-06 18:00:00', '#ff000f', 26, 24),
(13026, NULL, '2020-07-07 14:00:00', '2020-07-07 18:00:00', '#ff000f', 26, 24),
(13027, NULL, '2020-07-10 08:00:00', '2020-07-10 12:00:00', '#ff000f', 26, 24),
(13028, NULL, '2020-07-10 14:00:00', '2020-07-10 18:00:00', '#ff000f', 26, 24),
(13029, NULL, '2020-07-10 18:00:00', '2020-07-10 22:00:00', '#ff000f', 26, 24),
(13030, NULL, '2020-07-11 08:00:00', '2020-07-11 12:00:00', '#ff000f', 26, 24),
(13031, NULL, '2020-07-11 14:00:00', '2020-07-11 18:00:00', '#ff000f', 26, 24),
(13032, NULL, '2020-07-11 18:00:00', '2020-07-11 22:00:00', '#ff000f', 26, 24),
(13033, NULL, '2020-07-11 22:00:00', '2020-07-12 02:00:00', '#ff000f', 26, 24),
(13034, NULL, '2020-07-12 08:00:00', '2020-07-12 12:00:00', '#ff000f', 26, 24),
(13035, NULL, '2020-07-12 14:00:00', '2020-07-12 18:00:00', '#ff000f', 26, 24),
(13036, NULL, '2020-07-01 09:00:00', '2020-07-01 13:00:00', '#ff000f', 27, 24),
(13037, NULL, '2020-07-02 08:00:00', '2020-07-02 12:00:00', '#ff000f', 27, 24),
(13038, NULL, '2020-07-03 14:00:00', '2020-07-03 18:00:00', '#ff000f', 27, 24),
(13039, NULL, '2020-07-04 08:00:00', '2020-07-04 12:00:00', '#ff000f', 27, 24),
(13040, NULL, '2020-07-10 08:00:00', '2020-07-10 12:00:00', '#ff000f', 27, 24),
(13041, NULL, '2020-07-10 14:00:00', '2020-07-10 18:00:00', '#ff000f', 27, 24),
(13042, NULL, '2020-07-11 14:00:00', '2020-07-11 18:00:00', '#ff000f', 27, 24),
(13043, NULL, '2020-07-11 18:00:00', '2020-07-11 22:00:00', '#ff000f', 27, 24),
(13044, NULL, '2020-07-12 18:00:00', '2020-07-12 22:00:00', '#ff000f', 27, 24),
(13045, NULL, '2020-07-12 22:00:00', '2020-07-13 02:00:00', '#ff000f', 27, 24),
(13046, NULL, '2020-07-13 08:00:00', '2020-07-13 12:00:00', '#ff000f', 27, 24),
(13047, NULL, '2020-07-01 14:00:00', '2020-07-01 18:00:00', '#ff000f', 28, 24),
(13048, NULL, '2020-07-02 14:00:00', '2020-07-02 18:00:00', '#ff000f', 28, 24),
(13049, NULL, '2020-07-03 14:00:00', '2020-07-03 18:00:00', '#ff000f', 28, 24),
(13050, NULL, '2020-07-06 14:00:00', '2020-07-06 18:00:00', '#ff000f', 28, 24),
(13051, NULL, '2020-07-07 14:00:00', '2020-07-07 18:00:00', '#ff000f', 28, 24),
(13052, NULL, '2020-07-08 14:00:00', '2020-07-08 18:00:00', '#ff000f', 28, 24),
(13053, NULL, '2020-07-09 14:00:00', '2020-07-09 18:00:00', '#ff000f', 28, 24),
(13054, NULL, '2020-07-10 14:00:00', '2020-07-10 18:00:00', '#ff000f', 28, 24),
(13055, NULL, '2020-07-11 14:00:00', '2020-07-11 18:00:00', '#ff000f', 28, 24),
(13056, NULL, '2020-07-12 14:00:00', '2020-07-12 18:00:00', '#ff000f', 28, 24),
(13057, NULL, '2020-07-12 18:00:00', '2020-07-12 22:00:00', '#ff000f', 28, 24),
(13058, NULL, '2020-07-12 22:00:00', '2020-07-13 02:00:00', '#ff000f', 28, 24),
(13059, NULL, '2020-07-13 08:00:00', '2020-07-13 12:00:00', '#ff000f', 28, 24),
(13060, NULL, '2020-07-13 12:00:00', '2020-07-13 14:00:00', '#ff000f', 28, 24),
(13061, NULL, '2020-07-01 14:00:00', '2020-07-01 18:00:00', '#ff000f', 29, 24),
(13062, NULL, '2020-07-02 08:00:00', '2020-07-02 12:00:00', '#ff000f', 29, 24),
(13063, NULL, '2020-07-02 14:00:00', '2020-07-02 18:00:00', '#ff000f', 29, 24),
(13064, NULL, '2020-07-03 08:00:00', '2020-07-03 12:00:00', '#ff000f', 29, 24),
(13065, NULL, '2020-07-03 14:00:00', '2020-07-03 18:00:00', '#ff000f', 29, 24),
(13066, NULL, '2020-07-08 08:00:00', '2020-07-08 12:00:00', '#ff000f', 29, 24),
(13067, NULL, '2020-07-08 14:00:00', '2020-07-08 18:00:00', '#ff000f', 29, 24),
(13068, NULL, '2020-07-09 08:00:00', '2020-07-09 12:00:00', '#ff000f', 29, 24),
(13069, NULL, '2020-07-09 14:00:00', '2020-07-09 18:00:00', '#ff000f', 29, 24),
(13070, NULL, '2020-07-10 14:00:00', '2020-07-10 18:00:00', '#ff000f', 29, 24),
(13071, NULL, '2020-07-10 18:00:00', '2020-07-10 22:00:00', '#ff000f', 29, 24),
(13072, NULL, '2020-07-10 22:00:00', '2020-07-11 02:00:00', '#ff000f', 29, 24),
(13073, NULL, '2020-07-11 08:00:00', '2020-07-11 12:00:00', '#ff000f', 29, 24),
(13074, NULL, '2020-07-11 12:00:00', '2020-07-11 14:00:00', '#ff000f', 29, 24),
(13075, NULL, '2020-07-11 14:00:00', '2020-07-11 18:00:00', '#ff000f', 29, 24),
(13076, NULL, '2020-07-12 08:00:00', '2020-07-12 12:00:00', '#ff000f', 29, 24),
(13077, NULL, '2020-07-12 12:00:00', '2020-07-12 14:00:00', '#ff000f', 29, 24),
(13078, NULL, '2020-07-12 14:00:00', '2020-07-12 18:00:00', '#ff000f', 29, 24),
(13079, NULL, '2020-07-12 18:00:00', '2020-07-12 22:00:00', '#ff000f', 29, 24),
(13080, NULL, '2020-07-13 08:00:00', '2020-07-13 12:00:00', '#ff000f', 29, 24),
(13081, NULL, '2020-07-13 12:00:00', '2020-07-13 14:00:00', '#ff000f', 29, 24),
(13082, NULL, '2020-07-14 08:00:00', '2020-07-14 12:00:00', '#ff000f', 29, 24),
(13083, NULL, '2020-07-01 12:00:00', '2020-07-01 14:00:00', '#ff000f', 30, 24),
(13084, NULL, '2020-07-02 14:00:00', '2020-07-02 18:00:00', '#ff000f', 30, 24),
(13085, NULL, '2020-07-02 18:00:00', '2020-07-02 22:00:00', '#ff000f', 30, 24),
(13086, NULL, '2020-07-03 12:00:00', '2020-07-03 14:00:00', '#ff000f', 30, 24),
(13087, NULL, '2020-07-03 14:00:00', '2020-07-03 18:00:00', '#ff000f', 30, 24),
(13088, NULL, '2020-07-04 14:00:00', '2020-07-04 18:00:00', '#ff000f', 30, 24),
(13089, NULL, '2020-07-04 18:00:00', '2020-07-04 22:00:00', '#ff000f', 30, 24),
(13090, NULL, '2020-07-10 08:00:00', '2020-07-10 12:00:00', '#ff000f', 30, 24),
(13091, NULL, '2020-07-10 12:00:00', '2020-07-10 14:00:00', '#ff000f', 30, 24),
(13092, NULL, '2020-07-10 14:00:00', '2020-07-10 18:00:00', '#ff000f', 30, 24),
(13093, NULL, '2020-07-11 14:00:00', '2020-07-11 18:00:00', '#ff000f', 30, 24),
(13094, NULL, '2020-07-11 18:00:00', '2020-07-11 22:00:00', '#ff000f', 30, 24),
(13095, NULL, '2020-07-11 22:00:00', '2020-07-12 02:00:00', '#ff000f', 30, 24),
(13096, NULL, '2020-07-12 14:00:00', '2020-07-12 18:00:00', '#ff000f', 30, 24),
(13097, NULL, '2020-07-12 18:00:00', '2020-07-12 22:00:00', '#ff000f', 30, 24),
(13098, NULL, '2020-07-12 22:00:00', '2020-07-13 02:00:00', '#ff000f', 30, 24),
(13099, NULL, '2020-07-13 14:00:00', '2020-07-13 18:00:00', '#ff000f', 30, 24),
(13100, NULL, '2020-07-13 18:00:00', '2020-07-13 22:00:00', '#ff000f', 30, 24),
(13101, NULL, '2020-07-14 14:00:00', '2020-07-14 18:00:00', '#ff000f', 30, 24),
(13102, NULL, '2020-07-01 14:00:00', '2020-07-01 18:00:00', '#ff000f', 31, 24),
(13103, NULL, '2020-07-02 14:00:00', '2020-07-02 18:00:00', '#ff000f', 31, 24),
(13104, NULL, '2020-07-03 08:00:00', '2020-07-03 12:00:00', '#ff000f', 31, 24),
(13105, NULL, '2020-07-07 08:00:00', '2020-07-07 12:00:00', '#ff000f', 31, 24),
(13106, NULL, '2020-07-07 12:00:00', '2020-07-07 14:00:00', '#ff000f', 31, 24),
(13107, NULL, '2020-07-07 14:00:00', '2020-07-07 18:00:00', '#ff000f', 31, 24),
(13108, NULL, '2020-07-08 08:00:00', '2020-07-08 12:00:00', '#ff000f', 31, 24),
(13109, NULL, '2020-07-08 14:00:00', '2020-07-08 18:00:00', '#ff000f', 31, 24),
(13110, NULL, '2020-07-09 08:00:00', '2020-07-09 12:00:00', '#ff000f', 31, 24),
(13111, NULL, '2020-07-09 14:00:00', '2020-07-09 18:00:00', '#ff000f', 31, 24),
(13112, NULL, '2020-07-10 14:00:00', '2020-07-10 18:00:00', '#ff000f', 31, 24),
(13113, NULL, '2020-07-10 18:00:00', '2020-07-10 22:00:00', '#ff000f', 31, 24),
(13114, NULL, '2020-07-11 14:00:00', '2020-07-11 18:00:00', '#ff000f', 31, 24),
(13115, NULL, '2020-07-11 18:00:00', '2020-07-11 22:00:00', '#ff000f', 31, 24),
(13116, NULL, '2020-07-12 14:00:00', '2020-07-12 18:00:00', '#ff000f', 31, 24),
(13117, NULL, '2020-07-12 18:00:00', '2020-07-12 22:00:00', '#ff000f', 31, 24),
(13118, NULL, '2020-07-12 22:00:00', '2020-07-13 02:00:00', '#ff000f', 31, 24),
(13119, NULL, '2020-07-13 08:00:00', '2020-07-13 12:00:00', '#ff000f', 31, 24),
(13120, NULL, '2020-07-01 08:00:00', '2020-07-01 12:00:00', '#ff000f', 32, 24),
(13121, NULL, '2020-07-02 08:00:00', '2020-07-02 12:00:00', '#ff000f', 32, 24),
(13122, NULL, '2020-07-03 08:00:00', '2020-07-03 12:00:00', '#ff000f', 32, 24),
(13123, NULL, '2020-07-06 08:00:00', '2020-07-06 12:00:00', '#ff000f', 32, 24),
(13124, NULL, '2020-07-06 14:00:00', '2020-07-06 18:00:00', '#ff000f', 32, 24),
(13125, NULL, '2020-07-07 08:00:00', '2020-07-07 12:00:00', '#ff000f', 32, 24),
(13126, NULL, '2020-07-08 08:00:00', '2020-07-08 12:00:00', '#ff000f', 32, 24),
(13127, NULL, '2020-07-09 08:00:00', '2020-07-09 12:00:00', '#ff000f', 32, 24),
(13128, NULL, '2020-07-10 08:00:00', '2020-07-10 12:00:00', '#ff000f', 32, 24),
(13129, NULL, '2020-07-10 14:00:00', '2020-07-10 18:00:00', '#ff000f', 32, 24),
(13130, NULL, '2020-07-11 08:00:00', '2020-07-11 12:00:00', '#ff000f', 32, 24),
(13131, NULL, '2020-07-11 14:00:00', '2020-07-11 18:00:00', '#ff000f', 32, 24),
(13132, NULL, '2020-07-12 08:00:00', '2020-07-12 12:00:00', '#ff000f', 32, 24),
(13133, NULL, '2020-07-12 14:00:00', '2020-07-12 18:00:00', '#ff000f', 32, 24),
(13134, NULL, '2020-07-13 08:00:00', '2020-07-13 12:00:00', '#ff000f', 32, 24),
(13135, NULL, '2020-07-10 08:00:00', '2020-07-10 12:00:00', '#ff000f', 33, 24),
(13136, NULL, '2020-07-10 12:00:00', '2020-07-10 14:00:00', '#ff000f', 33, 24),
(13137, NULL, '2020-07-10 14:00:00', '2020-07-10 18:00:00', '#ff000f', 33, 24),
(13138, NULL, '2020-07-10 18:00:00', '2020-07-10 22:00:00', '#ff000f', 33, 24),
(13139, NULL, '2020-07-10 22:00:00', '2020-07-11 02:00:00', '#ff000f', 33, 24),
(13140, NULL, '2020-07-11 08:00:00', '2020-07-11 12:00:00', '#ff000f', 33, 24),
(13141, NULL, '2020-07-11 12:00:00', '2020-07-11 14:00:00', '#ff000f', 33, 24),
(13142, NULL, '2020-07-11 14:00:00', '2020-07-11 18:00:00', '#ff000f', 33, 24),
(13143, NULL, '2020-07-11 18:00:00', '2020-07-11 22:00:00', '#ff000f', 33, 24),
(13144, NULL, '2020-07-11 22:00:00', '2020-07-12 02:00:00', '#ff000f', 33, 24),
(13145, NULL, '2020-07-12 08:00:00', '2020-07-12 12:00:00', '#ff000f', 33, 24),
(13146, NULL, '2020-07-12 12:00:00', '2020-07-12 14:00:00', '#ff000f', 33, 24),
(13147, NULL, '2020-07-12 14:00:00', '2020-07-12 18:00:00', '#ff000f', 33, 24),
(13148, NULL, '2020-07-12 18:00:00', '2020-07-12 22:00:00', '#ff000f', 33, 24),
(13149, NULL, '2020-07-12 22:00:00', '2020-07-13 02:00:00', '#ff000f', 33, 24),
(13150, NULL, '2020-07-13 08:00:00', '2020-07-13 12:00:00', '#ff000f', 33, 24),
(13151, NULL, '2020-07-01 14:00:00', '2020-07-01 18:00:00', '#ff000f', 34, 24),
(13152, NULL, '2020-07-10 08:00:00', '2020-07-10 12:00:00', '#ff000f', 34, 24),
(13153, NULL, '2020-07-10 12:00:00', '2020-07-10 14:00:00', '#ff000f', 34, 24),
(13154, NULL, '2020-07-10 14:00:00', '2020-07-10 18:00:00', '#ff000f', 34, 24),
(13155, NULL, '2020-07-10 18:00:00', '2020-07-10 22:00:00', '#ff000f', 34, 24),
(13156, NULL, '2020-07-10 22:00:00', '2020-07-11 02:00:00', '#ff000f', 34, 24),
(13157, NULL, '2020-07-11 08:00:00', '2020-07-11 12:00:00', '#ff000f', 34, 24),
(13158, NULL, '2020-07-11 12:00:00', '2020-07-11 14:00:00', '#ff000f', 34, 24),
(13159, NULL, '2020-07-11 14:00:00', '2020-07-11 18:00:00', '#ff000f', 34, 24),
(13160, NULL, '2020-07-11 18:00:00', '2020-07-11 22:00:00', '#ff000f', 34, 24),
(13161, NULL, '2020-07-11 22:00:00', '2020-07-12 02:00:00', '#ff000f', 34, 24),
(13162, NULL, '2020-07-12 08:00:00', '2020-07-12 12:00:00', '#ff000f', 34, 24),
(13163, NULL, '2020-07-12 12:00:00', '2020-07-12 14:00:00', '#ff000f', 34, 24),
(13164, NULL, '2020-07-12 14:00:00', '2020-07-12 18:00:00', '#ff000f', 34, 24),
(13165, NULL, '2020-07-12 18:00:00', '2020-07-12 22:00:00', '#ff000f', 34, 24),
(13166, NULL, '2020-07-12 22:00:00', '2020-07-13 02:00:00', '#ff000f', 34, 24),
(13167, NULL, '2020-07-13 08:00:00', '2020-07-13 12:00:00', '#ff000f', 34, 24),
(13168, NULL, '2020-07-10 08:00:00', '2020-07-10 12:00:00', '#ff000f', 35, 24),
(13169, NULL, '2020-07-10 12:00:00', '2020-07-10 14:00:00', '#ff000f', 35, 24),
(13170, NULL, '2020-07-10 14:00:00', '2020-07-10 18:00:00', '#ff000f', 35, 24),
(13171, NULL, '2020-07-10 18:00:00', '2020-07-10 22:00:00', '#ff000f', 35, 24),
(13172, NULL, '2020-07-10 22:00:00', '2020-07-11 02:00:00', '#ff000f', 35, 24),
(13173, NULL, '2020-07-11 08:00:00', '2020-07-11 12:00:00', '#ff000f', 35, 24),
(13174, NULL, '2020-07-11 12:00:00', '2020-07-11 14:00:00', '#ff000f', 35, 24),
(13175, NULL, '2020-07-11 14:00:00', '2020-07-11 18:00:00', '#ff000f', 35, 24),
(13176, NULL, '2020-07-11 18:00:00', '2020-07-11 22:00:00', '#ff000f', 35, 24),
(13177, NULL, '2020-07-11 22:00:00', '2020-07-12 02:00:00', '#ff000f', 35, 24),
(13178, NULL, '2020-07-12 08:00:00', '2020-07-12 12:00:00', '#ff000f', 35, 24),
(13179, NULL, '2020-07-12 12:00:00', '2020-07-12 14:00:00', '#ff000f', 35, 24),
(13180, NULL, '2020-07-12 14:00:00', '2020-07-12 18:00:00', '#ff000f', 35, 24),
(13181, NULL, '2020-07-12 18:00:00', '2020-07-12 22:00:00', '#ff000f', 35, 24),
(13182, NULL, '2020-07-12 22:00:00', '2020-07-13 02:00:00', '#ff000f', 35, 24),
(13183, NULL, '2020-07-13 08:00:00', '2020-07-13 12:00:00', '#ff000f', 35, 24),
(13184, NULL, '2020-07-10 08:00:00', '2020-07-10 12:00:00', '#ff000f', 36, 24),
(13185, NULL, '2020-07-10 12:00:00', '2020-07-10 14:00:00', '#ff000f', 36, 24),
(13186, NULL, '2020-07-10 14:00:00', '2020-07-10 18:00:00', '#ff000f', 36, 24),
(13187, NULL, '2020-07-10 18:00:00', '2020-07-10 22:00:00', '#ff000f', 36, 24),
(13188, NULL, '2020-07-10 22:00:00', '2020-07-11 02:00:00', '#ff000f', 36, 24),
(13189, NULL, '2020-07-11 08:00:00', '2020-07-11 12:00:00', '#ff000f', 36, 24),
(13190, NULL, '2020-07-11 12:00:00', '2020-07-11 14:00:00', '#ff000f', 36, 24),
(13191, NULL, '2020-07-11 14:00:00', '2020-07-11 18:00:00', '#ff000f', 36, 24),
(13192, NULL, '2020-07-11 18:00:00', '2020-07-11 22:00:00', '#ff000f', 36, 24),
(13193, NULL, '2020-07-11 22:00:00', '2020-07-12 02:00:00', '#ff000f', 36, 24),
(13194, NULL, '2020-07-12 08:00:00', '2020-07-12 12:00:00', '#ff000f', 36, 24),
(13195, NULL, '2020-07-12 12:00:00', '2020-07-12 14:00:00', '#ff000f', 36, 24),
(13196, NULL, '2020-07-12 14:00:00', '2020-07-12 18:00:00', '#ff000f', 36, 24),
(13197, NULL, '2020-07-12 18:00:00', '2020-07-12 22:00:00', '#ff000f', 36, 24),
(13198, NULL, '2020-07-12 22:00:00', '2020-07-13 02:00:00', '#ff000f', 36, 24),
(13199, NULL, '2020-07-10 08:00:00', '2020-07-10 12:00:00', '#ff000f', 37, 24),
(13200, NULL, '2020-07-10 12:00:00', '2020-07-10 14:00:00', '#ff000f', 37, 24),
(13201, NULL, '2020-07-10 14:00:00', '2020-07-10 18:00:00', '#ff000f', 37, 24),
(13202, NULL, '2020-07-10 18:00:00', '2020-07-10 22:00:00', '#ff000f', 37, 24),
(13203, NULL, '2020-07-10 22:00:00', '2020-07-11 02:00:00', '#ff000f', 37, 24),
(13204, NULL, '2020-07-11 08:00:00', '2020-07-11 12:00:00', '#ff000f', 37, 24),
(13205, NULL, '2020-07-11 12:00:00', '2020-07-11 14:00:00', '#ff000f', 37, 24),
(13206, NULL, '2020-07-11 14:00:00', '2020-07-11 18:00:00', '#ff000f', 37, 24),
(13207, NULL, '2020-07-11 18:00:00', '2020-07-11 22:00:00', '#ff000f', 37, 24),
(13208, NULL, '2020-07-11 22:00:00', '2020-07-12 02:00:00', '#ff000f', 37, 24),
(13209, NULL, '2020-07-12 08:00:00', '2020-07-12 12:00:00', '#ff000f', 37, 24),
(13210, NULL, '2020-07-12 12:00:00', '2020-07-12 14:00:00', '#ff000f', 37, 24),
(13211, NULL, '2020-07-12 14:00:00', '2020-07-12 18:00:00', '#ff000f', 37, 24),
(13212, NULL, '2020-07-12 18:00:00', '2020-07-12 22:00:00', '#ff000f', 37, 24),
(13213, NULL, '2020-07-12 22:00:00', '2020-07-13 02:00:00', '#ff000f', 37, 24),
(13234, NULL, '2020-03-16 16:00:00', '2020-03-16 20:00:00', '#ff000f', 39, 1),
(13241, NULL, '2020-03-18 18:00:00', '2020-03-19 02:00:00', '#ff000f', 39, 1),
(13291, NULL, '2020-03-16 14:00:00', '2020-03-16 18:00:00', '#ff000f', 42, 1),
(13292, NULL, '2020-03-17 12:00:00', '2020-03-17 16:00:00', '#ff000f', 42, 1),
(13293, NULL, '2020-03-18 08:00:00', '2020-03-18 12:00:00', '#ff000f', 42, 1),
(13296, NULL, '2020-03-18 16:00:00', '2020-03-18 20:00:00', '#ff000f', 42, 1),
(13297, NULL, '2020-03-18 21:00:00', '2020-03-19 01:00:00', '#ff000f', 42, 1),
(13311, NULL, '2020-03-17 15:00:00', '2020-03-17 20:00:00', '#ff000f', 39, 1),
(13339, NULL, '2020-03-18 13:00:00', '2020-03-18 17:00:00', '#ff000f', 39, 1),
(13340, NULL, '2020-03-16 11:00:00', '2020-03-16 13:00:00', '#ff000f', 43, 1),
(13341, NULL, '2020-03-16 14:00:00', '2020-03-16 18:00:00', '#ff000f', 43, 1),
(13342, NULL, '2020-03-17 08:00:00', '2020-03-17 12:00:00', '#ff000f', 43, 1),
(13343, NULL, '2020-03-17 14:00:00', '2020-03-17 18:00:00', '#ff000f', 43, 1),
(13345, NULL, '2020-03-18 18:00:00', '2020-03-18 22:00:00', '#ff000f', 43, 1),
(13346, NULL, '2020-03-18 11:00:00', '2020-03-18 15:30:00', '#ff000f', 43, 1),
(13347, NULL, '2020-03-18 13:00:00', '2020-03-18 15:30:00', '#ff000f', 42, 1),
(13351, NULL, '2020-03-16 09:00:00', '2020-03-16 14:00:00', '#ff000f', 39, 1),
(13366, NULL, '2020-03-19 10:00:00', '2020-03-19 16:30:00', '#ff000f', 39, 1),
(13367, NULL, '2020-03-16 14:00:00', '2020-03-16 18:00:00', '#ff000f', 44, 1),
(13368, NULL, '2020-03-16 18:00:00', '2020-03-16 22:00:00', '#ff000f', 44, 1),
(13369, NULL, '2020-03-17 12:00:00', '2020-03-17 14:00:00', '#ff000f', 44, 1),
(13370, NULL, '2020-03-18 12:00:00', '2020-03-18 14:00:00', '#ff000f', 44, 1),
(13371, NULL, '2020-03-18 14:00:00', '2020-03-18 18:00:00', '#ff000f', 44, 1),
(13394, NULL, '2020-03-16 14:00:00', '2020-03-16 19:00:00', '#ff000f', 46, 1),
(13395, NULL, '2020-03-17 12:00:00', '2020-03-17 14:00:00', '#ff000f', 46, 1),
(13396, NULL, '2020-03-17 14:00:00', '2020-03-17 18:00:00', '#ff000f', 46, 1),
(13397, NULL, '2020-07-01 22:00:00', '2020-07-02 02:00:00', '#ff000f', 47, 24),
(13398, NULL, '2020-07-02 18:00:00', '2020-07-02 22:00:00', '#ff000f', 47, 24),
(13399, NULL, '2020-07-03 14:00:00', '2020-07-03 18:00:00', '#ff000f', 47, 24),
(13400, NULL, '2020-07-03 18:00:00', '2020-07-03 22:00:00', '#ff000f', 47, 24),
(13401, NULL, '2020-07-03 22:00:00', '2020-07-04 02:00:00', '#ff000f', 47, 24),
(13402, NULL, '2020-07-04 12:00:00', '2020-07-04 14:00:00', '#ff000f', 47, 24),
(13403, NULL, '2020-07-04 14:00:00', '2020-07-04 18:00:00', '#ff000f', 47, 24),
(13404, NULL, '2020-07-04 18:00:00', '2020-07-04 22:00:00', '#ff000f', 47, 24),
(13405, NULL, '2020-07-04 22:00:00', '2020-07-05 02:00:00', '#ff000f', 47, 24),
(13406, NULL, '2020-07-05 14:00:00', '2020-07-05 18:00:00', '#ff000f', 47, 24),
(13407, NULL, '2020-07-05 18:00:00', '2020-07-05 22:00:00', '#ff000f', 47, 24),
(13408, NULL, '2020-07-05 22:00:00', '2020-07-06 02:00:00', '#ff000f', 47, 24),
(13409, NULL, '2020-07-06 08:00:00', '2020-07-06 12:00:00', '#ff000f', 47, 24),
(13410, NULL, '2020-07-06 12:00:00', '2020-07-06 14:00:00', '#ff000f', 47, 24),
(13411, NULL, '2020-07-07 14:00:00', '2020-07-07 18:00:00', '#ff000f', 47, 24),
(13412, NULL, '2020-07-08 14:00:00', '2020-07-08 18:00:00', '#ff000f', 47, 24),
(13413, NULL, '2020-07-09 14:00:00', '2020-07-09 18:00:00', '#ff000f', 47, 24),
(13414, NULL, '2020-07-01 14:00:00', '2020-07-01 18:00:00', '#ff000f', 47, 24),
(13415, NULL, '2020-07-02 14:00:00', '2020-07-02 18:00:00', '#ff000f', 47, 24),
(13416, NULL, '2020-07-03 14:00:00', '2020-07-03 18:00:00', '#ff000f', 47, 24),
(13417, NULL, '2020-07-04 14:00:00', '2020-07-04 18:00:00', '#ff000f', 47, 24),
(13418, NULL, '2020-07-06 18:00:00', '2020-07-06 22:00:00', '#ff000f', 47, 24),
(13419, NULL, '2020-07-06 22:00:00', '2020-07-07 02:00:00', '#ff000f', 47, 24),
(13420, NULL, '2020-07-07 18:00:00', '2020-07-07 22:00:00', '#ff000f', 47, 24),
(13421, NULL, '2020-07-07 22:00:00', '2020-07-08 02:00:00', '#ff000f', 47, 24),
(13422, NULL, '2020-07-08 18:00:00', '2020-07-08 22:00:00', '#ff000f', 47, 24),
(13423, NULL, '2020-07-08 22:00:00', '2020-07-09 02:00:00', '#ff000f', 47, 24),
(13424, NULL, '2020-07-09 14:00:00', '2020-07-09 18:00:00', '#ff000f', 47, 24),
(13425, NULL, '2020-07-09 18:00:00', '2020-07-09 22:00:00', '#ff000f', 47, 24),
(13426, NULL, '2020-07-09 22:00:00', '2020-07-10 02:00:00', '#ff000f', 47, 24),
(13427, NULL, '2020-07-10 08:00:00', '2020-07-10 12:00:00', '#ff000f', 47, 24),
(13428, NULL, '2020-07-10 12:00:00', '2020-07-10 14:00:00', '#ff000f', 47, 24),
(13429, NULL, '2020-07-10 14:00:00', '2020-07-10 18:00:00', '#ff000f', 47, 24),
(13430, NULL, '2020-07-10 18:00:00', '2020-07-10 22:00:00', '#ff000f', 47, 24),
(13431, NULL, '2020-07-11 08:00:00', '2020-07-11 12:00:00', '#ff000f', 47, 24),
(13432, NULL, '2020-07-11 12:00:00', '2020-07-11 14:00:00', '#ff000f', 47, 24),
(13433, NULL, '2020-07-11 14:00:00', '2020-07-11 18:00:00', '#ff000f', 47, 24),
(13434, NULL, '2020-07-11 18:00:00', '2020-07-11 22:00:00', '#ff000f', 47, 24),
(13435, NULL, '2020-07-11 22:00:00', '2020-07-12 02:00:00', '#ff000f', 47, 24),
(13436, NULL, '2020-07-12 12:00:00', '2020-07-12 14:00:00', '#ff000f', 47, 24),
(13437, NULL, '2020-07-12 14:00:00', '2020-07-12 18:00:00', '#ff000f', 47, 24),
(13438, NULL, '2020-07-12 18:00:00', '2020-07-12 22:00:00', '#ff000f', 47, 24),
(13439, NULL, '2020-07-12 22:00:00', '2020-07-13 02:00:00', '#ff000f', 47, 24),
(13440, NULL, '2020-07-13 08:00:00', '2020-07-13 12:00:00', '#ff000f', 47, 24),
(13441, NULL, '2020-07-13 12:00:00', '2020-07-13 14:00:00', '#ff000f', 47, 24),
(13442, NULL, '2020-07-13 14:00:00', '2020-07-13 18:00:00', '#ff000f', 47, 24),
(13443, NULL, '2020-07-14 14:00:00', '2020-07-14 18:00:00', '#ff000f', 47, 24),
(13444, NULL, '2020-10-02 14:00:00', '2020-10-02 18:00:00', '#ff000f', 49, 26),
(13445, NULL, '2020-10-02 18:00:00', '2020-10-02 22:00:00', '#ff000f', 49, 26),
(13446, NULL, '2020-10-02 22:00:00', '2020-10-03 02:00:00', '#ff000f', 49, 26),
(13447, NULL, '2020-09-19 14:00:00', '2020-09-19 18:00:00', '#ff000f', 50, 26),
(13448, NULL, '2020-09-19 18:00:00', '2020-09-19 22:00:00', '#ff000f', 50, 26),
(13449, NULL, '2020-09-20 14:00:00', '2020-09-20 18:00:00', '#ff000f', 50, 26),
(13450, NULL, '2020-09-20 18:00:00', '2020-09-20 22:00:00', '#ff000f', 50, 26),
(13451, NULL, '2020-10-02 14:00:00', '2020-10-02 18:00:00', '#ff000f', 50, 26),
(13452, NULL, '2020-10-02 18:00:00', '2020-10-02 22:00:00', '#ff000f', 50, 26),
(13453, NULL, '2020-10-03 14:00:00', '2020-10-03 18:00:00', '#ff000f', 50, 26),
(13454, NULL, '2020-10-03 18:00:00', '2020-10-03 22:00:00', '#ff000f', 50, 26),
(13455, NULL, '2020-10-04 14:00:00', '2020-10-04 18:00:00', '#ff000f', 50, 26),
(13456, NULL, '2020-10-04 18:00:00', '2020-10-04 22:00:00', '#ff000f', 50, 26),
(13457, NULL, '2020-09-19 14:00:00', '2020-09-19 18:00:00', '#ff000f', 51, 26),
(13458, NULL, '2020-09-19 18:00:00', '2020-09-19 22:00:00', '#ff000f', 51, 26),
(13459, NULL, '2020-09-20 14:00:00', '2020-09-20 18:00:00', '#ff000f', 51, 26),
(13460, NULL, '2020-09-20 18:00:00', '2020-09-20 22:00:00', '#ff000f', 51, 26),
(13461, NULL, '2020-09-25 14:00:00', '2020-09-25 18:00:00', '#ff000f', 51, 26),
(13462, NULL, '2020-09-25 18:00:00', '2020-09-25 22:00:00', '#ff000f', 51, 26),
(13463, NULL, '2020-09-26 14:00:00', '2020-09-26 18:00:00', '#ff000f', 51, 26),
(13464, NULL, '2020-09-26 18:00:00', '2020-09-26 22:00:00', '#ff000f', 51, 26),
(13465, NULL, '2020-09-27 14:00:00', '2020-09-27 18:00:00', '#ff000f', 51, 26),
(13466, NULL, '2020-09-27 18:00:00', '2020-09-27 22:00:00', '#ff000f', 51, 26),
(13467, NULL, '2020-09-19 14:00:00', '2020-09-19 18:00:00', '#ff000f', 51, 26),
(13468, NULL, '2020-09-19 18:00:00', '2020-09-19 22:00:00', '#ff000f', 51, 26);
INSERT INTO `h_utilisateur` (`id`, `title`, `start`, `end`, `color`, `idUtilisateur`, `idSession`) VALUES
(13469, NULL, '2020-09-20 14:00:00', '2020-09-20 18:00:00', '#ff000f', 51, 26),
(13470, NULL, '2020-09-20 18:00:00', '2020-09-20 22:00:00', '#ff000f', 51, 26),
(13471, NULL, '2020-09-25 14:00:00', '2020-09-25 18:00:00', '#ff000f', 51, 26),
(13472, NULL, '2020-09-25 18:00:00', '2020-09-25 22:00:00', '#ff000f', 51, 26),
(13473, NULL, '2020-09-26 14:00:00', '2020-09-26 18:00:00', '#ff000f', 51, 26),
(13474, NULL, '2020-09-26 18:00:00', '2020-09-26 22:00:00', '#ff000f', 51, 26),
(13475, NULL, '2020-09-27 14:00:00', '2020-09-27 18:00:00', '#ff000f', 51, 26),
(13476, NULL, '2020-09-27 18:00:00', '2020-09-27 22:00:00', '#ff000f', 51, 26),
(13477, NULL, '2020-10-02 14:00:00', '2020-10-02 18:00:00', '#ff000f', 51, 26),
(13478, NULL, '2020-10-02 18:00:00', '2020-10-02 22:00:00', '#ff000f', 51, 26),
(13479, NULL, '2020-10-03 14:00:00', '2020-10-03 18:00:00', '#ff000f', 51, 26),
(13480, NULL, '2020-10-03 18:00:00', '2020-10-03 22:00:00', '#ff000f', 51, 26),
(13481, NULL, '2020-10-04 14:00:00', '2020-10-04 18:00:00', '#ff000f', 51, 26),
(13482, NULL, '2020-10-04 18:00:00', '2020-10-04 22:00:00', '#ff000f', 51, 26),
(13483, NULL, '2020-09-19 14:00:00', '2020-09-19 18:00:00', '#ff000f', 52, 26),
(13484, NULL, '2020-09-19 18:00:00', '2020-09-19 22:00:00', '#ff000f', 52, 26),
(13485, NULL, '2020-09-20 14:00:00', '2020-09-20 18:00:00', '#ff000f', 52, 26),
(13486, NULL, '2020-09-20 18:00:00', '2020-09-20 22:00:00', '#ff000f', 52, 26),
(13487, NULL, '2020-09-25 14:00:00', '2020-09-25 18:00:00', '#ff000f', 52, 26),
(13488, NULL, '2020-09-25 18:00:00', '2020-09-25 22:00:00', '#ff000f', 52, 26),
(13489, NULL, '2020-09-26 14:00:00', '2020-09-26 18:00:00', '#ff000f', 52, 26),
(13490, NULL, '2020-09-26 18:00:00', '2020-09-26 22:00:00', '#ff000f', 52, 26),
(13491, NULL, '2020-09-27 14:00:00', '2020-09-27 18:00:00', '#ff000f', 52, 26),
(13492, NULL, '2020-09-27 18:00:00', '2020-09-27 22:00:00', '#ff000f', 52, 26),
(13493, NULL, '2020-10-02 14:00:00', '2020-10-02 18:00:00', '#ff000f', 52, 26),
(13494, NULL, '2020-10-02 18:00:00', '2020-10-02 22:00:00', '#ff000f', 52, 26),
(13495, NULL, '2020-10-03 14:00:00', '2020-10-03 18:00:00', '#ff000f', 52, 26),
(13496, NULL, '2020-10-03 18:00:00', '2020-10-03 22:00:00', '#ff000f', 52, 26),
(13497, NULL, '2020-10-04 14:00:00', '2020-10-04 18:00:00', '#ff000f', 52, 26),
(13498, NULL, '2020-10-04 18:00:00', '2020-10-04 22:00:00', '#ff000f', 52, 26),
(13499, NULL, '2020-09-19 14:00:00', '2020-09-19 18:00:00', '#ff000f', 53, 26),
(13500, NULL, '2020-09-19 18:00:00', '2020-09-19 22:00:00', '#ff000f', 53, 26),
(13501, NULL, '2020-10-02 14:00:00', '2020-10-02 18:00:00', '#ff000f', 53, 26),
(13502, NULL, '2020-10-02 18:00:00', '2020-10-02 22:00:00', '#ff000f', 53, 26),
(13503, NULL, '2020-10-03 14:00:00', '2020-10-03 18:00:00', '#ff000f', 53, 26),
(13504, NULL, '2020-10-03 18:00:00', '2020-10-03 22:00:00', '#ff000f', 53, 26),
(13505, NULL, '2020-10-04 14:00:00', '2020-10-04 18:00:00', '#ff000f', 53, 26),
(13506, NULL, '2020-10-04 18:00:00', '2020-10-04 22:00:00', '#ff000f', 53, 26),
(13507, NULL, '2020-09-19 14:00:00', '2020-09-19 18:00:00', '#ff000f', 54, 26),
(13508, NULL, '2020-09-19 18:00:00', '2020-09-19 22:00:00', '#ff000f', 54, 26),
(13509, NULL, '2020-09-20 14:00:00', '2020-09-20 18:00:00', '#ff000f', 54, 26),
(13510, NULL, '2020-09-20 18:00:00', '2020-09-20 22:00:00', '#ff000f', 54, 26),
(13511, NULL, '2020-09-19 14:00:00', '2020-09-19 18:00:00', '#ff000f', 55, 26),
(13512, NULL, '2020-09-19 18:00:00', '2020-09-19 22:00:00', '#ff000f', 55, 26),
(13513, NULL, '2020-09-20 14:00:00', '2020-09-20 18:00:00', '#ff000f', 55, 26),
(13514, NULL, '2020-09-20 18:00:00', '2020-09-20 22:00:00', '#ff000f', 55, 26),
(13515, NULL, '2020-10-02 14:00:00', '2020-10-02 18:00:00', '#ff000f', 56, 26),
(13516, NULL, '2020-10-02 18:00:00', '2020-10-02 22:00:00', '#ff000f', 56, 26),
(13517, NULL, '2020-10-03 14:00:00', '2020-10-03 18:00:00', '#ff000f', 56, 26),
(13518, NULL, '2020-10-03 18:00:00', '2020-10-03 22:00:00', '#ff000f', 56, 26),
(13519, NULL, '2020-10-04 14:00:00', '2020-10-04 18:00:00', '#ff000f', 56, 26),
(13520, NULL, '2020-10-04 18:00:00', '2020-10-04 22:00:00', '#ff000f', 56, 26),
(13521, NULL, '2020-09-19 14:00:00', '2020-09-19 18:00:00', '#ff000f', 57, 26),
(13522, NULL, '2020-09-19 18:00:00', '2020-09-19 22:00:00', '#ff000f', 57, 26),
(13523, NULL, '2020-09-20 14:00:00', '2020-09-20 18:00:00', '#ff000f', 57, 26),
(13524, NULL, '2020-09-20 18:00:00', '2020-09-20 22:00:00', '#ff000f', 57, 26),
(13525, NULL, '2020-09-25 14:00:00', '2020-09-25 18:00:00', '#ff000f', 57, 26),
(13526, NULL, '2020-09-25 18:00:00', '2020-09-25 22:00:00', '#ff000f', 57, 26),
(13527, NULL, '2020-09-26 14:00:00', '2020-09-26 18:00:00', '#ff000f', 57, 26),
(13528, NULL, '2020-09-26 18:00:00', '2020-09-26 22:00:00', '#ff000f', 57, 26),
(13529, NULL, '2020-09-27 14:00:00', '2020-09-27 18:00:00', '#ff000f', 57, 26),
(13530, NULL, '2020-09-27 18:00:00', '2020-09-27 22:00:00', '#ff000f', 57, 26),
(13531, NULL, '2020-10-02 14:00:00', '2020-10-02 18:00:00', '#ff000f', 57, 26),
(13532, NULL, '2020-10-02 18:00:00', '2020-10-02 22:00:00', '#ff000f', 57, 26),
(13533, NULL, '2020-10-03 14:00:00', '2020-10-03 18:00:00', '#ff000f', 57, 26),
(13534, NULL, '2020-10-03 18:00:00', '2020-10-03 22:00:00', '#ff000f', 57, 26),
(13535, NULL, '2020-10-04 14:00:00', '2020-10-04 18:00:00', '#ff000f', 57, 26),
(13536, NULL, '2020-10-04 18:00:00', '2020-10-04 22:00:00', '#ff000f', 57, 26),
(13537, NULL, '2020-09-19 14:00:00', '2020-09-19 18:00:00', '#ff000f', 58, 26),
(13538, NULL, '2020-09-19 18:00:00', '2020-09-19 22:00:00', '#ff000f', 58, 26),
(13539, NULL, '2020-09-20 14:00:00', '2020-09-20 18:00:00', '#ff000f', 58, 26),
(13540, NULL, '2020-09-20 18:00:00', '2020-09-20 22:00:00', '#ff000f', 58, 26),
(13541, NULL, '2020-09-25 14:00:00', '2020-09-25 18:00:00', '#ff000f', 58, 26),
(13542, NULL, '2020-09-25 18:00:00', '2020-09-25 22:00:00', '#ff000f', 58, 26),
(13543, NULL, '2020-09-26 14:00:00', '2020-09-26 18:00:00', '#ff000f', 58, 26),
(13544, NULL, '2020-09-26 18:00:00', '2020-09-26 22:00:00', '#ff000f', 58, 26),
(13545, NULL, '2020-09-27 14:00:00', '2020-09-27 18:00:00', '#ff000f', 58, 26),
(13546, NULL, '2020-09-27 18:00:00', '2020-09-27 22:00:00', '#ff000f', 58, 26),
(13547, NULL, '2020-10-02 14:00:00', '2020-10-02 18:00:00', '#ff000f', 58, 26),
(13548, NULL, '2020-10-02 18:00:00', '2020-10-02 22:00:00', '#ff000f', 58, 26),
(13549, NULL, '2020-10-03 14:00:00', '2020-10-03 18:00:00', '#ff000f', 58, 26),
(13550, NULL, '2020-10-03 18:00:00', '2020-10-03 22:00:00', '#ff000f', 58, 26),
(13551, NULL, '2020-10-04 14:00:00', '2020-10-04 18:00:00', '#ff000f', 58, 26),
(13552, NULL, '2020-10-04 18:00:00', '2020-10-04 22:00:00', '#ff000f', 58, 26),
(13553, NULL, '2020-09-19 14:00:00', '2020-09-19 18:00:00', '#ff000f', 59, 26),
(13554, NULL, '2020-09-19 18:00:00', '2020-09-19 22:00:00', '#ff000f', 59, 26),
(13555, NULL, '2020-09-20 14:00:00', '2020-09-20 18:00:00', '#ff000f', 59, 26),
(13556, NULL, '2020-09-20 18:00:00', '2020-09-20 22:00:00', '#ff000f', 59, 26),
(13557, NULL, '2020-09-25 14:00:00', '2020-09-25 18:00:00', '#ff000f', 59, 26),
(13558, NULL, '2020-09-25 18:00:00', '2020-09-25 22:00:00', '#ff000f', 59, 26),
(13559, NULL, '2020-09-26 14:00:00', '2020-09-26 18:00:00', '#ff000f', 59, 26),
(13560, NULL, '2020-09-26 18:00:00', '2020-09-26 22:00:00', '#ff000f', 59, 26),
(13561, NULL, '2020-10-02 14:00:00', '2020-10-02 18:00:00', '#ff000f', 59, 26),
(13562, NULL, '2020-10-02 18:00:00', '2020-10-02 22:00:00', '#ff000f', 59, 26),
(13563, NULL, '2020-09-19 14:00:00', '2020-09-19 18:00:00', '#ff000f', 60, 26),
(13564, NULL, '2020-09-19 18:00:00', '2020-09-19 22:00:00', '#ff000f', 60, 26),
(13565, NULL, '2020-09-20 14:00:00', '2020-09-20 18:00:00', '#ff000f', 60, 26),
(13566, NULL, '2020-09-20 18:00:00', '2020-09-20 22:00:00', '#ff000f', 60, 26),
(13567, NULL, '2020-10-03 14:00:00', '2020-10-03 18:00:00', '#ff000f', 60, 26),
(13568, NULL, '2020-10-03 18:00:00', '2020-10-03 22:00:00', '#ff000f', 60, 26),
(13569, NULL, '2020-10-04 14:00:00', '2020-10-04 18:00:00', '#ff000f', 60, 26),
(13570, NULL, '2020-10-04 18:00:00', '2020-10-04 22:00:00', '#ff000f', 60, 26),
(13571, NULL, '2020-09-19 14:00:00', '2020-09-19 18:00:00', '#ff000f', 61, 26),
(13572, NULL, '2020-09-19 18:00:00', '2020-09-19 22:00:00', '#ff000f', 61, 26),
(13573, NULL, '2020-09-20 14:00:00', '2020-09-20 18:00:00', '#ff000f', 61, 26),
(13574, NULL, '2020-09-20 18:00:00', '2020-09-20 22:00:00', '#ff000f', 61, 26),
(13575, NULL, '2020-09-25 14:00:00', '2020-09-25 18:00:00', '#ff000f', 61, 26),
(13576, NULL, '2020-09-25 18:00:00', '2020-09-25 22:00:00', '#ff000f', 61, 26),
(13577, NULL, '2020-09-26 14:00:00', '2020-09-26 18:00:00', '#ff000f', 61, 26),
(13578, NULL, '2020-09-26 18:00:00', '2020-09-26 22:00:00', '#ff000f', 61, 26),
(13579, NULL, '2020-09-27 14:00:00', '2020-09-27 18:00:00', '#ff000f', 61, 26),
(13580, NULL, '2020-09-27 18:00:00', '2020-09-27 22:00:00', '#ff000f', 61, 26),
(13581, NULL, '2020-10-02 14:00:00', '2020-10-02 18:00:00', '#ff000f', 61, 26),
(13582, NULL, '2020-10-02 18:00:00', '2020-10-02 22:00:00', '#ff000f', 61, 26),
(13583, NULL, '2020-10-03 14:00:00', '2020-10-03 18:00:00', '#ff000f', 61, 26),
(13584, NULL, '2020-10-03 18:00:00', '2020-10-03 22:00:00', '#ff000f', 61, 26),
(13585, NULL, '2020-10-04 14:00:00', '2020-10-04 18:00:00', '#ff000f', 61, 26),
(13586, NULL, '2020-10-04 18:00:00', '2020-10-04 22:00:00', '#ff000f', 61, 26),
(13587, NULL, '2020-09-19 14:00:00', '2020-09-19 18:00:00', '#ff000f', 62, 26),
(13588, NULL, '2020-09-19 18:00:00', '2020-09-19 22:00:00', '#ff000f', 62, 26),
(13589, NULL, '2020-09-20 14:00:00', '2020-09-20 18:00:00', '#ff000f', 62, 26),
(13590, NULL, '2020-09-20 18:00:00', '2020-09-20 22:00:00', '#ff000f', 62, 26),
(13591, NULL, '2020-09-25 14:00:00', '2020-09-25 18:00:00', '#ff000f', 62, 26),
(13592, NULL, '2020-09-25 18:00:00', '2020-09-25 22:00:00', '#ff000f', 62, 26),
(13593, NULL, '2020-09-26 14:00:00', '2020-09-26 18:00:00', '#ff000f', 62, 26),
(13594, NULL, '2020-09-26 18:00:00', '2020-09-26 22:00:00', '#ff000f', 62, 26),
(13595, NULL, '2020-09-27 14:00:00', '2020-09-27 18:00:00', '#ff000f', 62, 26),
(13596, NULL, '2020-09-27 18:00:00', '2020-09-27 22:00:00', '#ff000f', 62, 26),
(13597, NULL, '2020-10-02 14:00:00', '2020-10-02 18:00:00', '#ff000f', 62, 26),
(13598, NULL, '2020-10-02 18:00:00', '2020-10-02 22:00:00', '#ff000f', 62, 26),
(13599, NULL, '2020-10-03 14:00:00', '2020-10-03 18:00:00', '#ff000f', 62, 26),
(13600, NULL, '2020-10-03 18:00:00', '2020-10-03 22:00:00', '#ff000f', 62, 26),
(13601, NULL, '2020-10-04 14:00:00', '2020-10-04 18:00:00', '#ff000f', 62, 26),
(13602, NULL, '2020-10-04 18:00:00', '2020-10-04 22:00:00', '#ff000f', 62, 26),
(13603, NULL, '2020-09-19 14:00:00', '2020-09-19 18:00:00', '#ff000f', 63, 26),
(13604, NULL, '2020-09-19 18:00:00', '2020-09-19 22:00:00', '#ff000f', 63, 26),
(13605, NULL, '2020-09-20 14:00:00', '2020-09-20 18:00:00', '#ff000f', 63, 26),
(13606, NULL, '2020-09-20 18:00:00', '2020-09-20 22:00:00', '#ff000f', 63, 26),
(13607, NULL, '2020-09-26 14:00:00', '2020-09-26 18:00:00', '#ff000f', 63, 26),
(13608, NULL, '2020-09-26 18:00:00', '2020-09-26 22:00:00', '#ff000f', 63, 26),
(13609, NULL, '2020-09-27 14:00:00', '2020-09-27 18:00:00', '#ff000f', 63, 26),
(13610, NULL, '2020-09-27 18:00:00', '2020-09-27 22:00:00', '#ff000f', 63, 26),
(13611, NULL, '2020-10-03 14:00:00', '2020-10-03 18:00:00', '#ff000f', 63, 26),
(13612, NULL, '2020-10-03 18:00:00', '2020-10-03 22:00:00', '#ff000f', 63, 26),
(13613, NULL, '2020-10-04 14:00:00', '2020-10-04 18:00:00', '#ff000f', 63, 26),
(13614, NULL, '2020-10-04 18:00:00', '2020-10-04 22:00:00', '#ff000f', 63, 26),
(13615, NULL, '2020-09-19 14:00:00', '2020-09-19 18:00:00', '#ff000f', 64, 26),
(13616, NULL, '2020-09-19 18:00:00', '2020-09-19 22:00:00', '#ff000f', 64, 26),
(13617, NULL, '2020-09-20 14:00:00', '2020-09-20 18:00:00', '#ff000f', 64, 26),
(13618, NULL, '2020-09-20 18:00:00', '2020-09-20 22:00:00', '#ff000f', 64, 26),
(13619, NULL, '2020-09-26 14:00:00', '2020-09-26 18:00:00', '#ff000f', 64, 26),
(13620, NULL, '2020-09-26 18:00:00', '2020-09-26 22:00:00', '#ff000f', 64, 26),
(13621, NULL, '2020-09-27 14:00:00', '2020-09-27 18:00:00', '#ff000f', 64, 26),
(13622, NULL, '2020-09-27 18:00:00', '2020-09-27 22:00:00', '#ff000f', 64, 26),
(13623, NULL, '2020-10-03 14:00:00', '2020-10-03 18:00:00', '#ff000f', 64, 26),
(13624, NULL, '2020-10-03 18:00:00', '2020-10-03 22:00:00', '#ff000f', 64, 26),
(13625, NULL, '2020-10-04 14:00:00', '2020-10-04 18:00:00', '#ff000f', 64, 26),
(13626, NULL, '2020-10-04 18:00:00', '2020-10-04 22:00:00', '#ff000f', 64, 26),
(13627, NULL, '2020-09-19 14:00:00', '2020-09-19 18:00:00', '#ff000f', 65, 26),
(13628, NULL, '2020-09-19 18:00:00', '2020-09-19 22:00:00', '#ff000f', 65, 26),
(13629, NULL, '2020-09-20 14:00:00', '2020-09-20 18:00:00', '#ff000f', 65, 26),
(13630, NULL, '2020-09-20 18:00:00', '2020-09-20 22:00:00', '#ff000f', 65, 26),
(13631, NULL, '2020-09-25 14:00:00', '2020-09-25 18:00:00', '#ff000f', 65, 26),
(13632, NULL, '2020-09-25 18:00:00', '2020-09-25 22:00:00', '#ff000f', 65, 26),
(13633, NULL, '2020-09-26 14:00:00', '2020-09-26 18:00:00', '#ff000f', 65, 26),
(13634, NULL, '2020-09-26 18:00:00', '2020-09-26 22:00:00', '#ff000f', 65, 26),
(13635, NULL, '2020-09-27 14:00:00', '2020-09-27 18:00:00', '#ff000f', 65, 26),
(13636, NULL, '2020-09-27 18:00:00', '2020-09-27 22:00:00', '#ff000f', 65, 26),
(13637, NULL, '2020-10-04 14:00:00', '2020-10-04 18:00:00', '#ff000f', 65, 26),
(13638, NULL, '2020-10-04 18:00:00', '2020-10-04 22:00:00', '#ff000f', 65, 26),
(13639, NULL, '2020-09-19 14:00:00', '2020-09-19 18:00:00', '#ff000f', 66, 26),
(13640, NULL, '2020-09-19 18:00:00', '2020-09-19 22:00:00', '#ff000f', 66, 26),
(13641, NULL, '2020-09-20 14:00:00', '2020-09-20 18:00:00', '#ff000f', 66, 26),
(13642, NULL, '2020-09-20 18:00:00', '2020-09-20 22:00:00', '#ff000f', 66, 26),
(13643, NULL, '2020-09-26 14:00:00', '2020-09-26 18:00:00', '#ff000f', 66, 26),
(13644, NULL, '2020-09-26 18:00:00', '2020-09-26 22:00:00', '#ff000f', 66, 26),
(13645, NULL, '2020-09-27 14:00:00', '2020-09-27 18:00:00', '#ff000f', 66, 26),
(13646, NULL, '2020-09-27 18:00:00', '2020-09-27 22:00:00', '#ff000f', 66, 26),
(13647, NULL, '2020-10-03 14:00:00', '2020-10-03 18:00:00', '#ff000f', 66, 26),
(13648, NULL, '2020-10-03 18:00:00', '2020-10-03 22:00:00', '#ff000f', 66, 26),
(13649, NULL, '2020-10-04 14:00:00', '2020-10-04 18:00:00', '#ff000f', 66, 26),
(13650, NULL, '2020-10-04 18:00:00', '2020-10-04 22:00:00', '#ff000f', 66, 26),
(13651, NULL, '2020-10-02 14:00:00', '2020-10-02 18:00:00', '#ff000f', 67, 26),
(13652, NULL, '2020-10-02 18:00:00', '2020-10-02 22:00:00', '#ff000f', 67, 26),
(13653, NULL, '2020-10-03 14:00:00', '2020-10-03 18:00:00', '#ff000f', 67, 26),
(13654, NULL, '2020-10-03 18:00:00', '2020-10-03 22:00:00', '#ff000f', 67, 26),
(13655, NULL, '2020-10-04 14:00:00', '2020-10-04 18:00:00', '#ff000f', 67, 26),
(13656, NULL, '2020-10-04 18:00:00', '2020-10-04 22:00:00', '#ff000f', 67, 26),
(13657, NULL, '2020-10-02 14:00:00', '2020-10-02 18:00:00', '#ff000f', 68, 26),
(13658, NULL, '2020-10-02 18:00:00', '2020-10-02 22:00:00', '#ff000f', 68, 26),
(13659, NULL, '2020-10-03 14:00:00', '2020-10-03 18:00:00', '#ff000f', 68, 26),
(13660, NULL, '2020-10-03 18:00:00', '2020-10-03 22:00:00', '#ff000f', 68, 26),
(13661, NULL, '2020-10-04 14:00:00', '2020-10-04 18:00:00', '#ff000f', 68, 26),
(13662, NULL, '2020-10-04 18:00:00', '2020-10-04 22:00:00', '#ff000f', 68, 26),
(13663, NULL, '2020-10-02 14:00:00', '2020-10-02 18:00:00', '#ff000f', 69, 26),
(13664, NULL, '2020-10-02 18:00:00', '2020-10-02 22:00:00', '#ff000f', 69, 26),
(13665, NULL, '2020-10-03 14:00:00', '2020-10-03 18:00:00', '#ff000f', 69, 26),
(13666, NULL, '2020-10-03 18:00:00', '2020-10-03 22:00:00', '#ff000f', 69, 26),
(13667, NULL, '2020-10-04 14:00:00', '2020-10-04 18:00:00', '#ff000f', 69, 26),
(13668, NULL, '2020-10-04 18:00:00', '2020-10-04 22:00:00', '#ff000f', 69, 26),
(13669, NULL, '2020-10-02 14:00:00', '2020-10-02 18:00:00', '#ff000f', 70, 26),
(13670, NULL, '2020-10-02 18:00:00', '2020-10-02 22:00:00', '#ff000f', 70, 26),
(13671, NULL, '2020-10-03 14:00:00', '2020-10-03 18:00:00', '#ff000f', 70, 26),
(13672, NULL, '2020-10-03 18:00:00', '2020-10-03 22:00:00', '#ff000f', 70, 26),
(13673, NULL, '2020-10-04 14:00:00', '2020-10-04 18:00:00', '#ff000f', 70, 26),
(13674, NULL, '2020-10-04 18:00:00', '2020-10-04 22:00:00', '#ff000f', 70, 26),
(13675, NULL, '2020-10-02 14:00:00', '2020-10-02 18:00:00', '#ff000f', 71, 26),
(13676, NULL, '2020-10-02 18:00:00', '2020-10-02 22:00:00', '#ff000f', 71, 26),
(13677, NULL, '2020-10-03 14:00:00', '2020-10-03 18:00:00', '#ff000f', 71, 26),
(13678, NULL, '2020-10-03 18:00:00', '2020-10-03 22:00:00', '#ff000f', 71, 26),
(13679, NULL, '2020-10-04 14:00:00', '2020-10-04 18:00:00', '#ff000f', 71, 26),
(13680, NULL, '2020-10-04 18:00:00', '2020-10-04 22:00:00', '#ff000f', 71, 26),
(13681, NULL, '2020-07-01 08:00:00', '2020-07-01 12:00:00', '#ff000f', 72, 24),
(13682, NULL, '2020-07-02 08:00:00', '2020-07-02 12:00:00', '#ff000f', 72, 24),
(13683, NULL, '2020-07-03 08:00:00', '2020-07-03 12:00:00', '#ff000f', 72, 24),
(13684, NULL, '2020-07-01 14:00:00', '2020-07-01 18:00:00', '#ff000f', 73, 24),
(13685, NULL, '2020-07-02 14:00:00', '2020-07-02 18:00:00', '#ff000f', 73, 24),
(13686, NULL, '2020-07-03 14:00:00', '2020-07-03 18:00:00', '#ff000f', 73, 24),
(13687, NULL, '2020-07-04 14:00:00', '2020-07-04 18:00:00', '#ff000f', 73, 24),
(13688, NULL, '2020-07-05 14:00:00', '2020-07-05 18:00:00', '#ff000f', 73, 24),
(13689, NULL, '2020-07-06 14:00:00', '2020-07-06 18:00:00', '#ff000f', 73, 24),
(13690, NULL, '2020-07-13 08:00:00', '2020-07-13 12:00:00', '#ff000f', 73, 24),
(13691, NULL, '2020-07-03 14:00:00', '2020-07-03 18:00:00', '#ff000f', 74, 24),
(13692, NULL, '2020-07-03 18:00:00', '2020-07-03 22:00:00', '#ff000f', 74, 24),
(13693, NULL, '2020-07-03 22:00:00', '2020-07-04 02:00:00', '#ff000f', 74, 24),
(13694, NULL, '2020-07-04 14:00:00', '2020-07-04 18:00:00', '#ff000f', 74, 24),
(13695, NULL, '2020-07-04 18:00:00', '2020-07-04 22:00:00', '#ff000f', 74, 24),
(13696, NULL, '2020-07-04 22:00:00', '2020-07-05 02:00:00', '#ff000f', 74, 24),
(13697, NULL, '2020-07-06 08:00:00', '2020-07-06 12:00:00', '#ff000f', 74, 24),
(13698, NULL, '2020-07-06 12:00:00', '2020-07-06 14:00:00', '#ff000f', 74, 24),
(13699, NULL, '2020-07-06 14:00:00', '2020-07-06 18:00:00', '#ff000f', 74, 24),
(13700, NULL, '2020-07-08 08:00:00', '2020-07-08 12:00:00', '#ff000f', 74, 24),
(13701, NULL, '2020-07-08 12:00:00', '2020-07-08 14:00:00', '#ff000f', 74, 24),
(13702, NULL, '2020-07-08 14:00:00', '2020-07-08 18:00:00', '#ff000f', 74, 24),
(13703, NULL, '2020-07-09 18:00:00', '2020-07-09 22:00:00', '#ff000f', 74, 24),
(13704, NULL, '2020-07-09 22:00:00', '2020-07-10 02:00:00', '#ff000f', 74, 24),
(13705, NULL, '2020-07-12 12:00:00', '2020-07-12 14:00:00', '#ff000f', 74, 24),
(13706, NULL, '2020-07-12 14:00:00', '2020-07-12 18:00:00', '#ff000f', 74, 24),
(13707, NULL, '2020-07-12 18:00:00', '2020-07-12 22:00:00', '#ff000f', 74, 24),
(13708, NULL, '2020-07-12 22:00:00', '2020-07-13 02:00:00', '#ff000f', 74, 24),
(13709, NULL, '2020-07-13 12:00:00', '2020-07-13 14:00:00', '#ff000f', 74, 24),
(13710, NULL, '2020-07-13 18:00:00', '2020-07-13 22:00:00', '#ff000f', 74, 24),
(13711, NULL, '2020-07-01 08:00:00', '2020-07-01 12:00:00', '#ff000f', 75, 24),
(13712, NULL, '2020-07-02 08:00:00', '2020-07-02 12:00:00', '#ff000f', 75, 24),
(13713, NULL, '2020-07-02 12:00:00', '2020-07-02 14:00:00', '#ff000f', 75, 24),
(13737, NULL, '2020-03-16 08:00:00', '2020-03-16 12:00:00', '#ff000f', 79, 1),
(13738, NULL, '2020-03-16 12:00:00', '2020-03-16 14:00:00', '#ff000f', 79, 1),
(13739, NULL, '2020-03-17 08:00:00', '2020-03-17 12:00:00', '#ff000f', 79, 1),
(13740, NULL, '2020-03-17 12:00:00', '2020-03-17 14:00:00', '#ff000f', 79, 1),
(13741, NULL, '2020-03-18 08:00:00', '2020-03-18 12:00:00', '#ff000f', 79, 1),
(13742, NULL, '2020-03-18 12:00:00', '2020-03-18 14:00:00', '#ff000f', 79, 1),
(13743, NULL, '2020-03-18 14:00:00', '2020-03-18 18:00:00', '#ff000f', 79, 1),
(14022, NULL, '2020-03-16 12:00:00', '2020-03-16 14:00:00', '#ff000f', 101, 1),
(14023, NULL, '2020-03-16 18:00:00', '2020-03-16 22:00:00', '#ff000f', 101, 1),
(14024, NULL, '2020-03-17 14:00:00', '2020-03-17 18:00:00', '#ff000f', 101, 1),
(14025, NULL, '2020-03-18 08:00:00', '2020-03-18 12:00:00', '#ff000f', 101, 1),
(14026, NULL, '2020-03-18 22:00:00', '2020-03-19 02:00:00', '#ff000f', 101, 1),
(14128, NULL, '2021-07-09 08:00:00', '2021-07-09 12:00:00', '#ff000f', 117, 38),
(14129, NULL, '2021-07-09 12:00:00', '2021-07-09 14:00:00', '#ff000f', 117, 38),
(14130, NULL, '2021-07-09 14:00:00', '2021-07-09 18:00:00', '#ff000f', 117, 38),
(14131, NULL, '2021-07-09 18:00:00', '2021-07-09 22:00:00', '#ff000f', 117, 38),
(14132, NULL, '2021-07-09 22:00:00', '2021-07-10 02:00:00', '#ff000f', 117, 38),
(14133, NULL, '2021-07-10 08:00:00', '2021-07-10 12:00:00', '#ff000f', 117, 38),
(14134, NULL, '2021-07-10 12:00:00', '2021-07-10 14:00:00', '#ff000f', 117, 38),
(14135, NULL, '2021-07-10 14:00:00', '2021-07-10 18:00:00', '#ff000f', 117, 38),
(14136, NULL, '2021-07-10 18:00:00', '2021-07-10 22:00:00', '#ff000f', 117, 38),
(14137, NULL, '2021-07-10 22:00:00', '2021-07-11 02:00:00', '#ff000f', 117, 38),
(14138, NULL, '2021-07-09 08:00:00', '2021-07-09 12:00:00', '#ff000f', 118, 38),
(14139, NULL, '2021-07-09 12:00:00', '2021-07-09 14:00:00', '#ff000f', 118, 38),
(14140, NULL, '2021-07-09 14:00:00', '2021-07-09 18:00:00', '#ff000f', 118, 38),
(14141, NULL, '2021-07-09 18:00:00', '2021-07-09 22:00:00', '#ff000f', 118, 38),
(14142, NULL, '2021-07-09 22:00:00', '2021-07-10 02:00:00', '#ff000f', 118, 38),
(14143, NULL, '2021-07-10 08:00:00', '2021-07-10 12:00:00', '#ff000f', 118, 38),
(14144, NULL, '2021-07-10 12:00:00', '2021-07-10 14:00:00', '#ff000f', 118, 38),
(14145, NULL, '2021-07-10 14:00:00', '2021-07-10 18:00:00', '#ff000f', 118, 38),
(14146, NULL, '2021-07-10 18:00:00', '2021-07-10 22:00:00', '#ff000f', 118, 38),
(14147, NULL, '2021-07-10 22:00:00', '2021-07-11 02:00:00', '#ff000f', 118, 38),
(14148, NULL, '2021-07-09 08:00:00', '2021-07-09 12:00:00', '#ff000f', 119, 38),
(14149, NULL, '2021-07-09 12:00:00', '2021-07-09 14:00:00', '#ff000f', 119, 38),
(14150, NULL, '2021-07-09 14:00:00', '2021-07-09 18:00:00', '#ff000f', 119, 38),
(14151, NULL, '2021-07-09 18:00:00', '2021-07-09 22:00:00', '#ff000f', 119, 38),
(14152, NULL, '2021-07-09 22:00:00', '2021-07-10 02:00:00', '#ff000f', 119, 38),
(14153, NULL, '2021-07-10 08:00:00', '2021-07-10 12:00:00', '#ff000f', 119, 38),
(14154, NULL, '2021-07-10 12:00:00', '2021-07-10 14:00:00', '#ff000f', 119, 38),
(14155, NULL, '2021-07-10 14:00:00', '2021-07-10 18:00:00', '#ff000f', 119, 38),
(14156, NULL, '2021-07-10 18:00:00', '2021-07-10 22:00:00', '#ff000f', 119, 38),
(14157, NULL, '2021-07-10 22:00:00', '2021-07-11 02:00:00', '#ff000f', 119, 38),
(14158, NULL, '2021-07-09 08:00:00', '2021-07-09 12:00:00', '#ff000f', 120, 38),
(14159, NULL, '2021-07-09 12:00:00', '2021-07-09 14:00:00', '#ff000f', 120, 38),
(14160, NULL, '2021-07-09 14:00:00', '2021-07-09 18:00:00', '#ff000f', 120, 38),
(14161, NULL, '2021-07-09 18:00:00', '2021-07-09 22:00:00', '#ff000f', 120, 38),
(14162, NULL, '2021-07-09 22:00:00', '2021-07-10 02:00:00', '#ff000f', 120, 38),
(14163, NULL, '2021-07-10 08:00:00', '2021-07-10 12:00:00', '#ff000f', 120, 38),
(14164, NULL, '2021-07-10 12:00:00', '2021-07-10 14:00:00', '#ff000f', 120, 38),
(14165, NULL, '2021-07-10 14:00:00', '2021-07-10 18:00:00', '#ff000f', 120, 38),
(14166, NULL, '2021-07-10 18:00:00', '2021-07-10 22:00:00', '#ff000f', 120, 38),
(14167, NULL, '2021-07-10 22:00:00', '2021-07-11 02:00:00', '#ff000f', 120, 38),
(14168, NULL, '2021-07-09 08:00:00', '2021-07-09 12:00:00', '#ff000f', 121, 38),
(14169, NULL, '2021-07-09 12:00:00', '2021-07-09 14:00:00', '#ff000f', 121, 38),
(14170, NULL, '2021-07-09 14:00:00', '2021-07-09 18:00:00', '#ff000f', 121, 38),
(14171, NULL, '2021-07-09 18:00:00', '2021-07-09 22:00:00', '#ff000f', 121, 38),
(14172, NULL, '2021-07-09 22:00:00', '2021-07-10 02:00:00', '#ff000f', 121, 38),
(14173, NULL, '2021-07-10 08:00:00', '2021-07-10 12:00:00', '#ff000f', 121, 38),
(14174, NULL, '2021-07-10 12:00:00', '2021-07-10 14:00:00', '#ff000f', 121, 38),
(14175, NULL, '2021-07-10 14:00:00', '2021-07-10 18:00:00', '#ff000f', 121, 38),
(14176, NULL, '2021-07-10 18:00:00', '2021-07-10 22:00:00', '#ff000f', 121, 38),
(14177, NULL, '2021-07-10 22:00:00', '2021-07-11 02:00:00', '#ff000f', 121, 38),
(14178, NULL, '2021-07-09 08:00:00', '2021-07-09 12:00:00', '#ff000f', 122, 38),
(14179, NULL, '2021-07-09 12:00:00', '2021-07-09 14:00:00', '#ff000f', 122, 38),
(14180, NULL, '2021-07-09 14:00:00', '2021-07-09 18:00:00', '#ff000f', 122, 38),
(14181, NULL, '2021-07-09 18:00:00', '2021-07-09 22:00:00', '#ff000f', 122, 38),
(14182, NULL, '2021-07-09 22:00:00', '2021-07-10 02:00:00', '#ff000f', 122, 38);

-- --------------------------------------------------------

--
-- Structure de la table `lieu`
--

CREATE TABLE `lieu` (
  `idLieu` int(11) NOT NULL,
  `nomLieu` varchar(50) NOT NULL
) ENGINE=InnoDB DEFAULT CHARSET=latin1;

--
-- Déchargement des données de la table `lieu`
--

INSERT INTO `lieu` (`idLieu`, `nomLieu`) VALUES
(0, 'AUCUN'),
(7, 'LA BUTTE'),
(8, 'RUES, CENTRE'),
(9, 'PARC ROGER SALENGRO'),
(10, 'ÉCOLE'),
(11, 'Salle Polyvalente Germigny sur Loire'),
(12, 'Carré Jeune Vauzellien Varennes Vauzelles'),
(13, 'Parc du Docteur Faucher Fourchambault'),
(14, 'Salle Polyvalente Gimouille'),
(15, 'Salle des fêtes de Saincaize'),
(16, 'Salle des Fêtes de Sermoise'),
(17, 'Espace des Saules Coulanges les Nevers'),
(18, 'Stade Marzy'),
(19, 'Parc Thermal Pougues les Eaux'),
(20, 'Espace Pierre Girard Garchizy'),
(21, 'Cour de l\'école de Challuy'),
(22, 'Jardins de la Banque de France'),
(23, 'Théâtre Municipal de Nevers'),
(24, 'Place Mancini'),
(25, 'Square JB Thevenard'),
(26, 'Place Guy Coquille'),
(27, 'Rue des Boucheries - Le Conti'),
(36, 'Chapiteau Acroballe'),
(37, 'Parc Roger Salengro zone 2'),
(38, 'Ecole de l\'Oratoire'),
(39, 'Ecole Ste Julitte'),
(40, 'Ecole André Cloix'),
(41, 'Ecole de Loire'),
(42, 'Cour du Collège'),
(43, 'Accueil Public - Esplanade'),
(44, 'Buvette - Esplanade'),
(45, 'Chapiteau Zaccros');

-- --------------------------------------------------------

--
-- Structure de la table `lieu_mission`
--

CREATE TABLE `lieu_mission` (
  `idMission` int(11) NOT NULL,
  `nomLieu` text NOT NULL,
  `dateDebut` datetime NOT NULL,
  `dateFin` datetime NOT NULL
) ENGINE=InnoDB DEFAULT CHARSET=utf8;

--
-- Déchargement des données de la table `lieu_mission`
--

INSERT INTO `lieu_mission` (`idMission`, `nomLieu`, `dateDebut`, `dateFin`) VALUES
(1, 'Stade Marzy', '2021-02-27 12:00:00', '2021-02-27 12:30:00'),
(1, 'ÉCOLE', '2021-03-27 10:00:00', '2021-03-27 10:30:00'),
(2, 'Parc Thermal Pougues les Eaux', '2021-02-27 12:00:00', '2021-02-27 12:30:00'),
(2, 'Parc Thermal Pougues les Eaux', '2021-02-27 12:30:00', '2021-02-27 13:00:00'),
(2, 'Espace des Saules Coulanges les Nevers', '2021-02-27 13:00:00', '2021-02-27 13:30:00'),
(2, 'Théâtre Municipal de Nevers', '2021-03-26 14:00:00', '2021-03-26 14:30:00'),
(2, 'Théâtre Municipal de Nevers', '2021-03-26 14:30:00', '2021-03-26 15:00:00'),
(2, 'Théâtre Municipal de Nevers', '2021-03-26 15:00:00', '2021-03-26 15:30:00'),
(2, 'Théâtre Municipal de Nevers', '2021-03-26 15:30:00', '2021-03-26 16:00:00'),
(2, 'Théâtre Municipal de Nevers', '2021-03-26 16:00:00', '2021-03-26 16:30:00'),
(2, 'Jardins de la Banque de France', '2021-03-26 16:30:00', '2021-03-26 17:00:00'),
(2, 'Théâtre Municipal de Nevers', '2021-03-26 16:30:00', '2021-03-26 17:00:00'),
(2, 'Jardins de la Banque de France', '2021-03-26 17:00:00', '2021-03-26 17:30:00'),
(2, 'Théâtre Municipal de Nevers', '2021-03-26 17:00:00', '2021-03-26 17:30:00'),
(2, 'Théâtre Municipal de Nevers', '2021-03-26 17:30:00', '2021-03-26 18:00:00'),
(2, 'Théâtre Municipal de Nevers', '2021-03-26 18:00:00', '2021-03-26 18:30:00'),
(2, 'Théâtre Municipal de Nevers', '2021-03-26 18:30:00', '2021-03-26 19:00:00'),
(2, 'Théâtre Municipal de Nevers', '2021-03-26 19:00:00', '2021-03-26 19:30:00'),
(2, 'PARC ROGER SALENGRO', '2021-03-26 19:30:00', '2021-03-26 20:00:00'),
(2, 'Théâtre Municipal de Nevers', '2021-03-26 19:30:00', '2021-03-26 20:00:00'),
(2, 'PARC ROGER SALENGRO', '2021-03-26 20:00:00', '2021-03-26 20:30:00'),
(2, 'PARC ROGER SALENGRO', '2021-03-26 20:30:00', '2021-03-26 21:00:00'),
(2, 'PARC ROGER SALENGRO', '2021-03-26 21:00:00', '2021-03-26 21:30:00'),
(2, 'Jardins de la Banque de France', '2021-03-27 14:30:00', '2021-03-27 15:00:00'),
(2, 'Théâtre Municipal de Nevers', '2021-03-27 14:30:00', '2021-03-27 15:00:00'),
(2, 'Jardins de la Banque de France', '2021-03-27 15:00:00', '2021-03-27 15:30:00'),
(2, 'Théâtre Municipal de Nevers', '2021-03-27 15:00:00', '2021-03-27 15:30:00'),
(2, 'Théâtre Municipal de Nevers', '2021-03-27 15:30:00', '2021-03-27 16:00:00'),
(2, 'Théâtre Municipal de Nevers', '2021-03-27 16:00:00', '2021-03-27 16:30:00'),
(2, 'Jardins de la Banque de France', '2021-03-27 16:30:00', '2021-03-27 17:00:00'),
(2, 'Théâtre Municipal de Nevers', '2021-03-27 16:30:00', '2021-03-27 17:00:00'),
(2, 'Jardins de la Banque de France', '2021-03-27 17:00:00', '2021-03-27 17:30:00'),
(2, 'Théâtre Municipal de Nevers', '2021-03-27 17:00:00', '2021-03-27 17:30:00'),
(2, 'Théâtre Municipal de Nevers', '2021-03-27 17:30:00', '2021-03-27 18:00:00'),
(2, 'Théâtre Municipal de Nevers', '2021-03-27 18:00:00', '2021-03-27 18:30:00'),
(2, 'Théâtre Municipal de Nevers', '2021-03-27 18:30:00', '2021-03-27 19:00:00'),
(2, 'Théâtre Municipal de Nevers', '2021-03-27 19:00:00', '2021-03-27 19:30:00'),
(2, 'Théâtre Municipal de Nevers', '2021-03-27 19:30:00', '2021-03-27 20:00:00'),
(2, 'Théâtre Municipal de Nevers', '2021-06-04 14:00:00', '2021-06-04 14:30:00'),
(2, 'Théâtre Municipal de Nevers', '2021-06-04 14:30:00', '2021-06-04 15:00:00'),
(2, 'Théâtre Municipal de Nevers', '2021-06-04 15:00:00', '2021-06-04 15:30:00'),
(2, 'Théâtre Municipal de Nevers', '2021-06-04 15:30:00', '2021-06-04 16:00:00'),
(2, 'Théâtre Municipal de Nevers', '2021-06-04 16:00:00', '2021-06-04 16:30:00'),
(2, 'Jardins de la Banque de France', '2021-06-04 16:30:00', '2021-06-04 17:00:00'),
(2, 'Théâtre Municipal de Nevers', '2021-06-04 16:30:00', '2021-06-04 17:00:00'),
(2, 'Jardins de la Banque de France', '2021-06-04 17:00:00', '2021-06-04 17:30:00'),
(2, 'Théâtre Municipal de Nevers', '2021-06-04 17:00:00', '2021-06-04 17:30:00'),
(2, 'Théâtre Municipal de Nevers', '2021-06-04 17:30:00', '2021-06-04 18:00:00'),
(2, 'Théâtre Municipal de Nevers', '2021-06-04 18:00:00', '2021-06-04 18:30:00'),
(2, 'Théâtre Municipal de Nevers', '2021-06-04 18:30:00', '2021-06-04 19:00:00'),
(2, 'Théâtre Municipal de Nevers', '2021-06-04 19:00:00', '2021-06-04 19:30:00'),
(2, 'Théâtre Municipal de Nevers', '2021-06-04 19:30:00', '2021-06-04 20:00:00'),
(2, 'Théâtre Municipal de Nevers', '2021-06-05 14:00:00', '2021-06-05 14:30:00'),
(2, 'Jardins de la Banque de France', '2021-06-05 14:30:00', '2021-06-05 15:00:00'),
(2, 'Théâtre Municipal de Nevers', '2021-06-05 14:30:00', '2021-06-05 15:00:00'),
(2, 'Jardins de la Banque de France', '2021-06-05 15:00:00', '2021-06-05 15:30:00'),
(2, 'Théâtre Municipal de Nevers', '2021-06-05 15:00:00', '2021-06-05 15:30:00'),
(2, 'Théâtre Municipal de Nevers', '2021-06-05 15:30:00', '2021-06-05 16:00:00'),
(2, 'Théâtre Municipal de Nevers', '2021-06-05 16:00:00', '2021-06-05 16:30:00'),
(2, 'Jardins de la Banque de France', '2021-06-05 16:30:00', '2021-06-05 17:00:00'),
(2, 'Théâtre Municipal de Nevers', '2021-06-05 16:30:00', '2021-06-05 17:00:00'),
(2, 'Jardins de la Banque de France', '2021-06-05 17:00:00', '2021-06-05 17:30:00'),
(2, 'Théâtre Municipal de Nevers', '2021-06-05 17:00:00', '2021-06-05 17:30:00'),
(2, 'Théâtre Municipal de Nevers', '2021-06-05 17:30:00', '2021-06-05 18:00:00'),
(2, 'Théâtre Municipal de Nevers', '2021-06-05 18:00:00', '2021-06-05 18:30:00'),
(2, 'Théâtre Municipal de Nevers', '2021-06-05 18:30:00', '2021-06-05 19:00:00'),
(2, 'Théâtre Municipal de Nevers', '2021-06-05 19:00:00', '2021-06-05 19:30:00'),
(2, 'Théâtre Municipal de Nevers', '2021-06-05 19:30:00', '2021-06-05 20:00:00'),
(2, 'Théâtre Municipal de Nevers', '2021-06-06 14:00:00', '2021-06-06 14:30:00'),
(2, 'Jardins de la Banque de France', '2021-06-06 14:30:00', '2021-06-06 15:00:00'),
(2, 'Théâtre Municipal de Nevers', '2021-06-06 14:30:00', '2021-06-06 15:00:00'),
(2, 'Jardins de la Banque de France', '2021-06-06 15:00:00', '2021-06-06 15:30:00'),
(2, 'Théâtre Municipal de Nevers', '2021-06-06 15:00:00', '2021-06-06 15:30:00'),
(2, 'Théâtre Municipal de Nevers', '2021-06-06 15:30:00', '2021-06-06 16:00:00'),
(2, 'Théâtre Municipal de Nevers', '2021-06-06 16:00:00', '2021-06-06 16:30:00'),
(2, 'Théâtre Municipal de Nevers', '2021-06-06 16:30:00', '2021-06-06 17:00:00'),
(2, 'Théâtre Municipal de Nevers', '2021-06-06 17:00:00', '2021-06-06 17:30:00'),
(2, 'Théâtre Municipal de Nevers', '2021-06-06 17:30:00', '2021-06-06 18:00:00'),
(2, 'Théâtre Municipal de Nevers', '2021-06-06 18:00:00', '2021-06-06 18:30:00'),
(2, 'Théâtre Municipal de Nevers', '2021-06-06 18:30:00', '2021-06-06 19:00:00'),
(2, 'Théâtre Municipal de Nevers', '2021-06-06 19:00:00', '2021-06-06 19:30:00'),
(2, 'Théâtre Municipal de Nevers', '2021-06-06 19:30:00', '2021-06-06 20:00:00'),
(2, 'Accueil Public - Esplanade', '2021-07-09 10:00:00', '2021-07-09 10:30:00'),
(2, 'Théâtre Municipal de Nevers', '2021-10-01 14:00:00', '2021-10-01 14:30:00'),
(2, 'Théâtre Municipal de Nevers', '2021-10-01 14:30:00', '2021-10-01 15:00:00'),
(2, 'Théâtre Municipal de Nevers', '2021-10-01 15:00:00', '2021-10-01 15:30:00'),
(2, 'Théâtre Municipal de Nevers', '2021-10-01 15:30:00', '2021-10-01 16:00:00'),
(2, 'Théâtre Municipal de Nevers', '2021-10-01 16:00:00', '2021-10-01 16:30:00'),
(2, 'Théâtre Municipal de Nevers', '2021-10-01 16:30:00', '2021-10-01 17:00:00'),
(2, 'Théâtre Municipal de Nevers', '2021-10-01 17:00:00', '2021-10-01 17:30:00'),
(2, 'Théâtre Municipal de Nevers', '2021-10-01 17:30:00', '2021-10-01 18:00:00'),
(2, 'ÉCOLE', '2021-10-01 18:00:00', '2021-10-01 18:30:00'),
(2, 'Théâtre Municipal de Nevers', '2021-10-01 18:00:00', '2021-10-01 18:30:00'),
(2, 'Théâtre Municipal de Nevers', '2021-10-01 18:30:00', '2021-10-01 19:00:00'),
(2, 'Théâtre Municipal de Nevers', '2021-10-01 19:00:00', '2021-10-01 19:30:00'),
(2, 'Théâtre Municipal de Nevers', '2021-10-01 19:30:00', '2021-10-01 20:00:00'),
(2, 'Place Guy Coquille', '2021-10-02 14:00:00', '2021-10-02 14:30:00'),
(2, 'Rue des Boucheries - Le Conti', '2021-10-02 14:00:00', '2021-10-02 14:30:00'),
(2, 'ÉCOLE', '2021-10-03 14:00:00', '2021-10-03 14:30:00'),
(2, 'Square JB Thevenard', '2021-10-03 14:00:00', '2021-10-03 14:30:00'),
(2, 'Place Mancini', '2021-10-03 14:30:00', '2021-10-03 15:00:00'),
(3, 'PARC ROGER SALENGRO', '2021-02-27 12:00:00', '2021-02-27 12:30:00'),
(3, 'Jardins de la Banque de France', '2021-02-28 12:00:00', '2021-02-28 12:30:00'),
(3, 'Square JB Thevenard', '2021-03-26 10:00:00', '2021-03-26 10:30:00'),
(3, 'ÉCOLE', '2021-03-26 10:30:00', '2021-03-26 11:00:00'),
(3, 'Square JB Thevenard', '2021-03-26 10:30:00', '2021-03-26 11:00:00'),
(3, 'ÉCOLE', '2021-03-26 11:00:00', '2021-03-26 11:30:00'),
(3, 'Place Guy Coquille', '2021-03-28 13:00:00', '2021-03-28 13:30:00'),
(4, 'AUCUN', '2021-02-27 12:00:00', '2021-02-27 12:30:00'),
(5, 'Place Guy Coquille', '2021-02-28 13:00:00', '2021-02-28 13:30:00'),
(5, 'Espace Pierre Girard Garchizy', '2021-02-28 19:00:00', '2021-02-28 19:30:00'),
(6, 'Place Mancini', '2021-02-27 12:00:00', '2021-02-27 12:30:00'),
(6, 'Parc du Docteur Faucher Fourchambault', '2021-03-27 12:00:00', '2021-03-27 12:30:00'),
(6, 'Buvette - Esplanade', '2021-07-09 10:00:00', '2021-07-09 10:30:00'),
(7, 'Cour de l\'école de Challuy', '2021-02-27 12:00:00', '2021-02-27 12:30:00'),
(7, 'Jardins de la Banque de France', '2021-02-27 14:00:00', '2021-02-27 14:30:00'),
(7, 'Square JB Thevenard', '2021-02-28 12:30:00', '2021-02-28 13:00:00'),
(7, 'Place Mancini', '2021-03-27 16:30:00', '2021-03-27 17:00:00'),
(7, 'ÉCOLE', '2021-03-28 13:00:00', '2021-03-28 13:30:00'),
(8, 'Place Guy Coquille', '2021-03-06 10:30:00', '2021-03-06 11:00:00'),
(8, 'Place Guy Coquille', '2021-03-06 11:00:00', '2021-03-06 11:30:00'),
(8, 'Salle des fêtes de Saincaize', '2021-03-06 12:00:00', '2021-03-06 12:30:00');

-- --------------------------------------------------------

--
-- Structure de la table `liste_mission`
--

CREATE TABLE `liste_mission` (
  `idMission` int(11) NOT NULL,
  `idUtilisateur` int(11) NOT NULL,
  `idLieu` int(11) NOT NULL
) ENGINE=InnoDB DEFAULT CHARSET=latin1;

--
-- Déchargement des données de la table `liste_mission`
--

INSERT INTO `liste_mission` (`idMission`, `idUtilisateur`, `idLieu`) VALUES
(1, 4, 0),
(1, 7, 0),
(1, 8, 0),
(1, 10, 0),
(1, 11, 0),
(1, 13, 0),
(1, 14, 0),
(1, 16, 0),
(1, 19, 0),
(1, 20, 0),
(1, 23, 0),
(1, 24, 0),
(1, 25, 0),
(1, 26, 0),
(1, 30, 0),
(1, 33, 0),
(1, 34, 0),
(1, 40, 0),
(1, 42, 0),
(1, 47, 0),
(1, 50, 0),
(1, 51, 0),
(1, 67, 0),
(1, 68, 0),
(1, 73, 0),
(1, 75, 0),
(1, 79, 0),
(1, 117, 0),
(1, 118, 0),
(1, 119, 0),
(1, 120, 0),
(1, 121, 0),
(2, 2, 0),
(2, 4, 0),
(2, 7, 0),
(2, 8, 0),
(2, 9, 0),
(2, 10, 0),
(2, 11, 0),
(2, 13, 0),
(2, 14, 0),
(2, 16, 0),
(2, 19, 0),
(2, 20, 0),
(2, 21, 0),
(2, 22, 0),
(2, 23, 0),
(2, 26, 0),
(2, 30, 0),
(2, 33, 0),
(2, 34, 0),
(2, 49, 0),
(2, 53, 0),
(2, 69, 0),
(2, 71, 0),
(2, 72, 0),
(2, 75, 0),
(2, 79, 0),
(2, 117, 0),
(2, 118, 0),
(2, 119, 0),
(2, 120, 0),
(2, 121, 0),
(2, 122, 0),
(3, 4, 0),
(3, 8, 0),
(3, 14, 0),
(3, 15, 0),
(3, 17, 0),
(3, 19, 0),
(3, 21, 0),
(3, 22, 0),
(3, 23, 0),
(3, 24, 0),
(3, 26, 0),
(3, 28, 0),
(3, 29, 0),
(3, 30, 0),
(3, 31, 0),
(3, 33, 0),
(3, 34, 0),
(3, 40, 0),
(3, 47, 0),
(3, 49, 0),
(3, 50, 0),
(3, 51, 0),
(3, 52, 0),
(3, 53, 0),
(3, 54, 0),
(3, 55, 0),
(3, 56, 0),
(3, 57, 0),
(3, 58, 0),
(3, 59, 0),
(3, 60, 0),
(3, 61, 0),
(3, 62, 0),
(3, 63, 0),
(3, 64, 0),
(3, 65, 0),
(3, 66, 0),
(3, 79, 0),
(3, 117, 0),
(3, 118, 0),
(3, 119, 0),
(3, 120, 0),
(3, 121, 0),
(4, 4, 0),
(4, 7, 0),
(4, 8, 0),
(4, 9, 0),
(4, 10, 0),
(4, 11, 0),
(4, 12, 0),
(4, 13, 0),
(4, 14, 0),
(4, 15, 0),
(4, 16, 0),
(4, 17, 0),
(4, 19, 0),
(4, 21, 0),
(4, 22, 0),
(4, 26, 0),
(4, 27, 0),
(4, 28, 0),
(4, 30, 0),
(4, 31, 0),
(4, 32, 0),
(4, 33, 0),
(4, 34, 0),
(4, 36, 0),
(4, 48, 0),
(4, 51, 0),
(4, 59, 0),
(4, 66, 0),
(4, 75, 0),
(4, 79, 0),
(4, 117, 0),
(4, 118, 0),
(4, 119, 0),
(4, 120, 0),
(4, 121, 0),
(5, 4, 0),
(5, 8, 0),
(5, 9, 0),
(5, 10, 0),
(5, 14, 0),
(5, 15, 0),
(5, 17, 0),
(5, 18, 0),
(5, 19, 0),
(5, 20, 0),
(5, 21, 0),
(5, 22, 0),
(5, 24, 0),
(5, 26, 0),
(5, 27, 0),
(5, 28, 0),
(5, 29, 0),
(5, 30, 0),
(5, 31, 0),
(5, 32, 0),
(5, 33, 0),
(5, 34, 0),
(5, 43, 0),
(5, 48, 0),
(5, 74, 0),
(5, 79, 0),
(5, 101, 0),
(5, 117, 0),
(5, 118, 0),
(5, 119, 0),
(5, 120, 0),
(5, 121, 0),
(6, 2, 0),
(6, 4, 0),
(6, 7, 0),
(6, 8, 0),
(6, 9, 0),
(6, 14, 0),
(6, 15, 0),
(6, 16, 0),
(6, 18, 0),
(6, 19, 0),
(6, 20, 0),
(6, 21, 0),
(6, 22, 0),
(6, 23, 0),
(6, 25, 0),
(6, 26, 0),
(6, 27, 0),
(6, 28, 0),
(6, 29, 0),
(6, 30, 0),
(6, 31, 0),
(6, 32, 0),
(6, 33, 0),
(6, 34, 0),
(6, 39, 0),
(6, 46, 0),
(6, 48, 0),
(6, 75, 0),
(6, 79, 0),
(6, 117, 0),
(6, 118, 0),
(6, 119, 0),
(6, 120, 0),
(6, 121, 0),
(7, 4, 0),
(7, 8, 0),
(7, 11, 0),
(7, 12, 0),
(7, 13, 0),
(7, 14, 0),
(7, 15, 0),
(7, 18, 0),
(7, 19, 0),
(7, 22, 0),
(7, 26, 0),
(7, 27, 0),
(7, 28, 0),
(7, 30, 0),
(7, 32, 0),
(7, 33, 0),
(7, 34, 0),
(7, 35, 0),
(7, 39, 0),
(7, 44, 0),
(7, 46, 0),
(7, 48, 0),
(7, 79, 0),
(7, 117, 0),
(7, 118, 0),
(7, 119, 0),
(7, 120, 0),
(7, 121, 0);

-- --------------------------------------------------------

--
-- Structure de la table `mission`
--

CREATE TABLE `mission` (
  `idMission` int(11) NOT NULL,
  `libelle` varchar(30) NOT NULL,
  `description` varchar(255) NOT NULL
) ENGINE=InnoDB DEFAULT CHARSET=latin1;

--
-- Déchargement des données de la table `mission`
--

INSERT INTO `mission` (`idMission`, `libelle`, `description`) VALUES
(1, 'Décoration', 'Participer à la déco de l\'anné'),
(2, 'Accueil Public', 'Accueillir, renseigner le publ'),
(3, 'Encadrement Spectacles', 'Accompagner les compagnies, leur donner un coup de main et encadrer le public lors des spectacles.'),
(4, 'Technique', 'Son, lumière, installation technique sont des missions qui t\'attendent en technique, mais pas besoin d\'être un pro!'),
(5, 'Catering', 'Gérer le coin repas, le lieu où tout le monde se rencontre. On a tous besoin de manger !'),
(6, 'Buvette', 'S\'occuper du service au bar, sous le chapiteau des Zaccros.'),
(7, 'Logistique', 'Logistique - Aider à l\'installation des infrastructures (chapiteaux, tentes, scènes).'),
(8, 'Entrée Site', 'Description à faire');

-- --------------------------------------------------------

--
-- Structure de la table `organisationspectacle`
--

CREATE TABLE `organisationspectacle` (
  `idOrganisationSpectacle` int(11) NOT NULL,
  `idSpectacle` int(11) NOT NULL,
  `idSession` int(11) NOT NULL,
  `dateDebut` datetime NOT NULL,
  `dateFin` datetime DEFAULT NULL,
  `idLieu` int(11) NOT NULL DEFAULT '0',
  `info` varchar(100) DEFAULT NULL,
  `secu` int(11) NOT NULL,
  `nbInscrits` int(11) NOT NULL
) ENGINE=InnoDB DEFAULT CHARSET=latin1;

--
-- Déchargement des données de la table `organisationspectacle`
--

INSERT INTO `organisationspectacle` (`idOrganisationSpectacle`, `idSpectacle`, `idSession`, `dateDebut`, `dateFin`, `idLieu`, `info`, `secu`, `nbInscrits`) VALUES
(247, 97, 24, '2020-07-10 17:30:00', '2020-07-10 19:30:00', 7, 'ecole andré cloix', 1, 0),
(248, 97, 24, '2020-07-11 14:30:00', '2020-07-11 16:30:00', 7, 'ecole andré cloix', 1, 0),
(249, 97, 24, '2020-07-11 17:30:00', '2020-07-11 19:30:00', 7, 'ecole andré cloix', 1, 0),
(250, 97, 24, '2020-07-12 16:30:00', '2020-07-12 18:30:00', 7, 'ecole andré cloix', 1, 0),
(251, 98, 24, '2020-07-10 20:30:00', '2020-07-10 23:00:00', 7, 'ecole andré cloix', 1, 0),
(252, 98, 24, '2020-07-11 21:00:00', '2020-07-11 23:30:00', 7, 'ecole andré cloix', 1, 0),
(253, 98, 24, '2020-07-12 21:00:00', '2020-07-12 23:30:00', 7, 'ecole andré cloix', 1, 0),
(254, 99, 24, '2020-07-10 22:30:00', '2020-07-11 00:00:00', 7, 'ecole de loire', 1, 0),
(255, 99, 24, '2020-07-11 22:30:00', '2020-07-12 00:00:00', 7, 'ecole de loire', 1, 0),
(256, 100, 24, '2020-07-11 19:00:00', '2020-07-11 20:30:00', 7, 'ecole de loire', 1, 0),
(257, 100, 24, '2020-07-12 18:30:00', '2020-07-12 20:00:00', 7, 'ecole de loire', 1, 0),
(258, 101, 24, '2020-07-11 10:30:00', '2020-07-11 12:00:00', 7, 'ecole andré cloix', 1, 0),
(259, 101, 24, '2020-07-12 10:30:00', '2020-07-12 12:00:00', 7, 'ecole andré cloix', 1, 0),
(260, 102, 24, '2020-07-12 15:30:00', '2020-07-12 17:00:00', 7, 'ecole de loire', 1, 0),
(261, 102, 24, '2020-07-10 16:30:00', '2020-07-10 18:00:00', 8, 'pl mancini', 1, 0),
(262, 102, 24, '2020-07-11 16:30:00', '2020-07-11 18:00:00', 8, 'pl mancini', 1, 0),
(263, 103, 24, '2020-07-10 15:00:00', '2020-07-10 16:00:00', 8, 'rue fr mitt', 1, 0),
(264, 103, 24, '2020-07-10 18:00:00', '2020-07-10 19:00:00', 8, 'rue fr mitt', 1, 0),
(265, 103, 24, '2020-07-11 14:00:00', '2020-07-11 15:00:00', 8, 'rue fr mitt', 1, 0),
(266, 105, 24, '2020-07-10 15:30:00', '2020-07-10 18:00:00', 8, 'pl mancini', 1, 0),
(267, 105, 24, '2020-07-11 15:30:00', '2020-07-11 18:00:00', 8, 'pl mancini', 1, 0),
(268, 106, 24, '2020-07-10 17:30:00', '2020-07-10 18:30:00', 8, 'pl guy coq', 1, 0),
(269, 106, 24, '2020-07-11 19:00:00', '2020-07-11 20:00:00', 8, 'rue de nievre', 1, 0),
(270, 106, 24, '2020-07-10 19:00:00', '2020-07-10 20:00:00', 8, 'rue de nievre', 1, 0),
(271, 107, 24, '2020-07-11 18:00:00', '2020-07-11 19:00:00', 8, 'walter benj', 1, 0),
(272, 108, 1, '2020-03-16 08:00:00', '2020-03-16 09:00:00', 0, '', 1, 0),
(273, 108, 1, '2020-03-16 10:00:00', '2020-03-16 11:00:00', 0, '', 1, 0),
(274, 108, 1, '2020-03-16 22:00:00', '2020-03-16 23:00:00', 0, '', 1, 0),
(275, 108, 1, '2020-03-16 12:00:00', '2020-03-16 13:00:00', 0, '', 1, 0),
(276, 101, 24, '2020-07-01 14:00:00', '2020-07-01 15:30:00', 0, '', 1, 0),
(277, 109, 1, '2020-03-16 23:00:00', '2020-03-17 01:30:00', 0, '', 1, 0),
(279, 109, 1, '0000-00-00 00:00:00', '0000-00-00 00:00:00', 0, NULL, 1, 0),
(280, 109, 1, '2020-03-18 22:00:00', '2020-03-19 00:30:00', 0, '', 1, 0),
(281, 110, 1, '2020-03-16 13:00:00', '2020-03-16 13:30:00', 0, '', 1, 0),
(282, 110, 1, '2020-03-16 10:00:00', '2020-03-16 10:30:00', 10, 'ge', 1, 0),
(283, 110, 1, '2020-03-17 08:00:00', '2020-03-17 08:30:00', 0, '', 1, 0),
(284, 111, 26, '2020-09-19 16:30:00', '2020-09-19 18:00:00', 11, '', 1, 0),
(285, 111, 26, '2020-09-20 17:00:00', '2020-09-20 18:30:00', 14, '', 1, 0),
(286, 112, 26, '2020-09-19 17:00:00', '2020-09-19 18:30:00', 12, '', 1, 0),
(287, 113, 26, '2020-09-20 14:00:00', '2020-09-20 15:30:00', 13, '', 1, 0),
(288, 116, 26, '2020-09-26 16:30:00', '2020-09-26 18:00:00', 19, '', 1, 0),
(289, 116, 26, '2020-09-27 14:30:00', '2020-09-27 16:00:00', 20, '', 1, 0),
(290, 114, 26, '2020-09-25 17:00:00', '2020-09-25 19:00:00', 15, '', 1, 0),
(291, 114, 26, '2020-09-26 15:00:00', '2020-09-26 17:00:00', 17, '', 1, 0),
(292, 115, 26, '2020-09-25 18:30:00', '2020-09-25 20:00:00', 16, '', 1, 0),
(293, 115, 26, '2020-09-26 16:30:00', '2020-09-26 18:00:00', 18, '', 1, 0),
(294, 119, 26, '2020-10-02 16:30:00', '2020-10-02 18:00:00', 22, 'Encadrement de spectacle', 1, 0),
(295, 119, 26, '2020-10-03 16:30:00', '2020-10-03 18:00:00', 22, '', 1, 0),
(296, 120, 26, '2020-10-02 18:30:00', '2020-10-02 20:00:00', 23, '', 1, 0),
(297, 120, 26, '2020-10-03 18:30:00', '2020-10-03 20:00:00', 23, '', 1, 0),
(298, 121, 26, '2020-10-02 19:30:00', '2020-10-02 21:00:00', 9, '', 1, 0),
(299, 121, 26, '2020-10-03 19:30:00', '2020-10-03 21:00:00', 9, '', 1, 0),
(300, 122, 26, '2020-10-03 14:30:00', '2020-10-03 16:00:00', 22, '', 1, 0),
(301, 122, 26, '2020-10-04 15:30:00', '2020-10-04 17:00:00', 22, '', 1, 0),
(302, 123, 26, '2020-10-03 14:30:00', '2020-10-03 15:30:00', 24, '', 1, 0),
(303, 123, 26, '2020-10-03 16:00:00', '2020-10-03 17:00:00', 26, '', 1, 0),
(304, 123, 26, '2020-10-03 17:30:00', '2020-10-03 18:30:00', 26, '', 1, 0),
(305, 123, 26, '2020-10-04 15:30:00', '2020-10-04 16:30:00', 25, '', 1, 0),
(306, 123, 26, '2020-10-04 17:00:00', '2020-10-04 18:00:00', 25, '', 1, 0),
(307, 124, 26, '2020-10-03 15:30:00', '2020-10-03 17:00:00', 25, '', 1, 0),
(308, 124, 26, '2020-10-04 14:30:00', '2020-10-04 16:00:00', 25, '', 1, 0),
(309, 118, 26, '2020-10-03 18:00:00', '2020-10-03 19:30:00', 25, '', 1, 0),
(310, 118, 26, '2020-10-04 15:30:00', '2020-10-04 17:00:00', 21, '', 1, 0),
(311, 125, 26, '2020-10-04 14:30:00', '2020-10-04 15:30:00', 22, '', 1, 0),
(312, 125, 26, '2020-10-04 17:30:00', '2020-10-04 18:30:00', 22, '', 1, 0),
(313, 126, 26, '2020-10-04 19:00:00', '2020-10-04 20:30:00', 23, '', 1, 0),
(314, 128, 26, '2020-10-02 18:00:00', '2020-10-02 19:00:00', 23, '', 1, 0),
(316, 128, 26, '2020-10-04 19:00:00', '2020-10-04 20:00:00', 23, '', 1, 0),
(317, 128, 26, '0000-00-00 00:00:00', '0001-00-00 00:00:00', 0, NULL, 1, 0),
(318, 128, 26, '2020-10-03 18:00:00', '2020-10-03 19:00:00', 23, '', 1, 0),
(319, 127, 26, '2020-10-02 18:00:00', '2020-10-02 19:00:00', 23, '', 1, 0),
(320, 127, 26, '2020-10-03 18:00:00', '2020-10-03 19:00:00', 23, '', 1, 0),
(321, 127, 26, '2020-10-04 19:00:00', '2020-10-04 20:00:00', 23, '', 1, 0),
(322, 129, 26, '2020-10-02 16:30:00', '2020-10-02 17:00:00', 22, 'Comptage AIAA', 1, 0),
(323, 129, 26, '2020-10-03 14:30:00', '2020-10-03 15:00:00', 22, 'Comptage Carnage', 1, 0),
(324, 129, 26, '2020-10-03 16:30:00', '2020-10-03 17:00:00', 22, 'Comptage AIAA', 1, 0),
(325, 129, 26, '2020-10-04 14:30:00', '2020-10-04 15:00:00', 22, 'Comptage Fabrizio', 1, 0),
(326, 129, 26, '2020-10-04 15:30:00', '2020-10-04 16:00:00', 22, 'Comptage Carnage', 1, 0),
(327, 129, 26, '2020-10-04 17:30:00', '2020-10-04 18:00:00', 22, 'Comptage Fabrizio', 1, 0),
(329, 130, 26, '2020-10-03 15:00:00', '2020-10-03 16:30:00', 26, '', 1, 0),
(330, 130, 26, '2020-10-03 18:30:00', '2020-10-03 20:00:00', 27, '', 1, 0),
(331, 132, 26, '2020-10-03 12:30:00', '2020-10-03 14:00:00', 25, '', 1, 0),
(332, 132, 26, '2020-10-04 12:30:00', '2020-10-04 14:00:00', 25, '', 1, 0),
(333, 131, 26, '2020-10-02 13:00:00', '2020-10-02 14:30:00', 9, '', 1, 0),
(334, 134, 26, '2020-10-02 14:00:00', '2020-10-02 16:00:00', 23, '', 1, 0),
(335, 134, 26, '2020-10-02 16:00:00', '2020-10-02 18:00:00', 23, '', 1, 0),
(336, 134, 26, '2020-10-02 18:00:00', '2020-10-02 20:00:00', 23, '', 1, 0),
(337, 134, 26, '2020-10-03 14:00:00', '2020-10-03 16:00:00', 23, '', 1, 0),
(338, 134, 26, '2020-10-03 16:00:00', '2020-10-03 18:00:00', 23, '', 1, 0),
(339, 134, 26, '2020-10-03 18:00:00', '2020-10-03 20:00:00', 23, '', 1, 0),
(340, 134, 26, '2020-10-04 14:00:00', '2020-10-04 16:00:00', 23, '', 1, 0),
(341, 134, 26, '2020-10-04 16:00:00', '2020-10-04 18:00:00', 23, '', 1, 0),
(342, 134, 26, '2020-10-04 18:00:00', '2020-10-04 20:00:00', 23, '', 1, 0),
(344, 110, 1, '2020-03-16 08:00:00', '2020-03-16 08:30:00', 0, '', 1, 0),
(464, 199, 38, '2021-07-09 21:30:00', '2021-07-09 23:00:00', 42, 'Début du spectacle à 22h', 1, 0),
(465, 199, 38, '2021-07-10 21:30:00', '2021-07-10 23:00:00', 42, '', 1, 0);

-- --------------------------------------------------------

--
-- Structure de la table `session`
--

CREATE TABLE `session` (
  `idSession` int(11) NOT NULL,
  `nomSession` varchar(50) DEFAULT NULL,
  `periodeDebut` date NOT NULL,
  `periodeFin` date NOT NULL,
  `bloque` int(11) NOT NULL,
  `suppression` date DEFAULT NULL
) ENGINE=InnoDB DEFAULT CHARSET=latin1;

--
-- Déchargement des données de la table `session`
--

INSERT INTO `session` (`idSession`, `nomSession`, `periodeDebut`, `periodeFin`, `bloque`, `suppression`) VALUES
(1, 'Session', '2020-03-16', '2020-03-18', 0, NULL),
(23, 'ok.', '2000-01-01', '2000-01-02', 0, NULL),
(24, 'Test Steph', '2020-07-01', '2020-07-14', 0, NULL),
(25, 'DUCOURTIOUX', '2020-03-31', '2020-07-14', 0, NULL),
(26, 'Ptits Zaccros', '2020-09-19', '2020-10-04', 0, NULL),
(38, 'test steph 2021', '2021-07-09', '2021-07-10', 0, NULL),
(41, 'test camille', '2021-03-13', '2021-03-14', 0, NULL);

-- --------------------------------------------------------

--
-- Structure de la table `spectacle`
--

CREATE TABLE `spectacle` (
  `idSpectacle` int(11) NOT NULL,
  `nomSpectacle` varchar(100) NOT NULL,
  `dureeMin` int(30) NOT NULL,
  `idSession` int(11) NOT NULL,
  `idCompagnie` int(11) NOT NULL
) ENGINE=InnoDB DEFAULT CHARSET=latin1;

--
-- Déchargement des données de la table `spectacle`
--

INSERT INTO `spectacle` (`idSpectacle`, `nomSpectacle`, `dureeMin`, `idSession`, `idCompagnie`) VALUES
(97, 'Confession', 120, 24, 88),
(98, 'Cyclo', 150, 24, 89),
(99, 'Cowboy', 90, 24, 91),
(100, 'ne le dis pas', 90, 24, 90),
(101, 'bete beurk', 90, 24, 89),
(102, 'rencontres', 90, 24, 84),
(103, 'fanfarria de paseo', 60, 24, 82),
(105, 'piece detachee', 150, 24, 83),
(106, 'ici', 60, 24, 85),
(107, 'moliere', 60, 24, 87),
(108, 'Tout le monde dead', 60, 1, 80),
(109, '150', 150, 1, 80),
(110, '1..2..Switch', 30, 1, 81),
(111, 'Bois ta lettre', 90, 26, 92),
(112, 'Les Insubmersibles', 90, 26, 93),
(113, 'Les Frères Panini', 90, 26, 94),
(114, 'Déséquilibre Passager', 120, 26, 96),
(115, 'Monologue du Gardien de But', 90, 26, 97),
(116, 'Monique et Marie-Thérèse', 90, 26, 98),
(118, 'Johnny pour de vrai', 90, 26, 99),
(119, 'Argent Pudeurs et Décadences', 90, 26, 101),
(120, '3 Clowns', 90, 26, 102),
(121, 'La Traque', 90, 26, 103),
(122, 'Ma Vie de Grenier', 90, 26, 104),
(123, 'Rencontres', 60, 26, 105),
(124, 'Vite vite vite', 90, 26, 106),
(125, 'Little garden', 60, 26, 107),
(126, 'Moon, in your black eyes', 90, 26, 108),
(127, 'Placement du Public', 60, 26, 109),
(128, 'Entrée et file d\'attente', 60, 26, 109),
(129, 'Entrée comptage public', 30, 26, 110),
(130, 'Concert', 90, 26, 112),
(131, 'Gardiennage', 90, 26, 103),
(132, 'Gardiennage', 90, 26, 106),
(134, 'Accueil Public', 120, 26, 114),
(194, 'L\'Appel Sauvage', 60, 38, 167),
(195, 'La Tente d\'Edgar', 60, 38, 168),
(196, 'Concert', 90, 38, 169),
(199, 'Arnica 9ch', 90, 38, 171),
(200, 'Barberi', 90, 38, 166),
(201, 'C\'est idiot mais ça colle à la peau', 90, 38, 170);

-- --------------------------------------------------------

--
-- Structure de la table `utilisateur`
--

CREATE TABLE `utilisateur` (
  `idUtilisateur` int(11) NOT NULL,
  `nom` varchar(30) NOT NULL,
  `prenom` varchar(30) NOT NULL,
  `sexe` varchar(20) NOT NULL,
  `email` varchar(30) NOT NULL,
  `dateNaissance` date NOT NULL,
  `rue` varchar(30) NOT NULL,
  `cp` varchar(5) NOT NULL,
  `ville` varchar(30) NOT NULL,
  `numTel` varchar(10) NOT NULL,
  `permis` varchar(10) NOT NULL DEFAULT 'non',
  `voiture` varchar(10) NOT NULL DEFAULT 'non',
  `tailleTshirt` varchar(10) NOT NULL,
  `anciennete` varchar(5) NOT NULL DEFAULT 'non',
  `benevoleAmis` varchar(100) DEFAULT NULL,
  `connaissance` varchar(30) NOT NULL,
  `commentaires` varchar(1000) DEFAULT NULL,
  `idSession` int(11) DEFAULT NULL,
  `avatar` varchar(255) NOT NULL,
  `disponibilites` varchar(999) DEFAULT NULL
) ENGINE=InnoDB DEFAULT CHARSET=latin1;

--
-- Déchargement des données de la table `utilisateur`
--

INSERT INTO `utilisateur` (`idUtilisateur`, `nom`, `prenom`, `sexe`, `email`, `dateNaissance`, `rue`, `cp`, `ville`, `numTel`, `permis`, `voiture`, `tailleTshirt`, `anciennete`, `benevoleAmis`, `connaissance`, `commentaires`, `idSession`, `avatar`, `disponibilites`) VALUES
(2, 'Depuis', 'Jacques', 'Homme', 'depuis.jacques@free.fr', '1978-12-05', '3 avenues des karts', '18150', 'CUFFY', '0547582563', 'non', 'non', 'XXL', 'non', '', 'Bouche à oreille', '', 1, '2_20-03-16.jpg', NULL),
(4, 'Nurtika', 'Elvira', 'Autre', 'elvira.nurtika@gmail.com', '2000-01-01', '12 rue des coutériaux', '58180', 'MARZY', '0628786146', 'non', 'non', 'L', 'non', 'ertyhujkl', 'Bouche à oreille', '', 1, '4_20-03-16.png', NULL),
(7, 'Ben1', 'Ben1', 'Femme', 'ben1@test.com', '1985-01-01', '12 quai de medine', '58000', 'NEVERS', '0666666666', 'oui', 'oui', 'S', 'non', '', 'Affiche/flyers', '', 24, '', NULL),
(8, 'Ben2', 'B2', 'Femme', 'b2@test.com', '1985-01-01', '12', '58000', 'CHALLUY', '066666666', 'oui', 'oui', 'M', 'non', '', 'Bouche à oreille', '', 24, '', NULL),
(9, 'B3', 'B3', 'Homme', 'B3@test.com', '1985-01-01', '12', '58000', 'NEVERS', '0666666666', 'non', 'non', 'XL', 'oui', '', 'Site internet', '', 24, '', NULL),
(10, 'b4', 'b4', 'Femme', 'b4@test.com', '1985-01-01', '12', '21000', 'DIJON', '0666666666', 'oui', 'non', 'L', 'non', '', 'Réseaux sociaux', '', 24, '', NULL),
(11, 'b5', 'b5', 'Homme', 'b5@test.com', '1988-01-01', '12', '58000', 'SERMOISE SUR LOIRE', '0666666666', 'non', 'non', 'XXXL', 'oui', '', 'Réseaux sociaux', '', 24, '', NULL),
(12, 'b6', 'b6', 'Homme', 'b6@test.com', '1989-03-02', '12', '56000', 'VANNES', '0666666666', 'oui', 'oui', 'M', 'non', '', 'Radio', '', 24, '', NULL),
(13, 'b7', 'b7', 'Homme', 'b7@test.com', '1956-04-15', '12', '58000', 'CHALLUY', '0666666666', 'non', 'non', 'M', 'oui', '', 'Site internet', '', 24, '', NULL),
(14, 'b8', 'b8', 'Femme', 'b8@test.com', '1954-05-05', '12', '21110', 'AISEREY', '0666666666', 'non', 'oui', 'M', 'oui', '', 'Affiche/flyers', '', 24, '', NULL),
(15, 'b9', 'b9', 'Homme', 'b9@test.com', '1987-12-15', '12', '58110', 'BICHES', '0666666666', 'non', 'non', 'M', 'non', '', 'Bouche à oreille', '', 24, '', NULL),
(16, 'b10', 'b10', 'Femme', 'b10@test.com', '1985-06-15', '12', '56110', 'GOURIN', '0666666666', 'oui', 'oui', 'M', 'oui', '', 'Bouche à oreille', '', 24, '', NULL),
(17, 'b11', 'b11', 'Homme', 'b11@test.com', '1966-02-23', '12', '45000', 'ORLEANS', '0666666666', 'oui', 'non', 'S', 'non', '', 'Site internet', '', 24, '', NULL),
(18, 'b12', 'b12', 'Femme', 'b12@test.com', '1984-02-04', '12', '58000', 'ST ELOI', '0666666666', 'non', 'non', 'M', 'non', '', 'Site internet', '', 24, '', NULL),
(19, 'b13', 'b13', 'Femme', 'b13@test.com', '1963-02-28', '012', '21000', 'DIJON', '0666666666', 'non', 'non', 'XL', 'non', '', 'Site internet', '', 24, '', NULL),
(20, 'b14', 'b14', 'Homme', 'b14@test.com', '2000-05-04', '12', '58000', 'SERMOISE SUR LOIRE', '0666666666', 'non', 'non', 'S', 'non', '', 'Réseaux sociaux', '', 24, '', NULL),
(21, 'b15', 'b15', 'Femme', 'b15@test.com', '2001-04-02', '12', '58000', 'NEVERS', '0666666666', 'non', 'non', 'M', 'non', '', 'Affiche/flyers', '', 24, '', NULL),
(22, 'b16', 'b16', 'Femme', 'b16@test.com', '1987-07-05', '12', '63000', 'CLERMONT FERRAND', '0666666666', 'non', 'non', 'M', 'non', '', 'Affiche/flyers', '', 24, '', NULL),
(23, 'b17', 'b17', 'Homme', 'b17@test.com', '2000-07-05', '12', '58000', 'ST ELOI', '0666666666', 'non', 'non', 'S', 'non', '', 'Presse', '', 24, '', NULL),
(24, 'b18', 'b18', 'Femme', 'b14@test.com', '2000-07-05', '12', '58000', 'SERMOISE SUR LOIRE', '0666666666', 'non', 'non', 'S', 'non', '', 'Presse', '', 24, '', NULL),
(25, 'b19', 'b19', 'Homme', 'b19@test.com', '1965-09-05', '12', '58000', 'CHALLUY', '0666666666', 'non', 'non', 'S', 'non', '', 'Bouche à oreille', '', 24, '', NULL),
(26, 'b20', 'b20', 'Femme', 'b20@test.com', '2000-07-05', '12', '58000', 'CHALLUY', '0666666666', 'non', 'non', 'S', 'non', '', 'Bouche à oreille', '', 24, '', NULL),
(27, 'b21', 'b21', 'Homme', 'b11@test.com', '1987-09-21', '12', '45000', 'ORLEANS', '0666666666', 'non', 'non', 'XL', 'non', '', 'Site internet', '', 24, '', NULL),
(28, 'b22', 'b22', 'Homme', 'b22@test.com', '1954-04-04', '12', '58000', 'NEVERS', '0666666666', 'non', 'non', 'XL', 'non', '', 'Radio', '', 24, '', NULL),
(29, 'b23', 'b23', 'Femme', 'b23@test.com', '1986-08-06', '12', '58000', 'CHALLUY', '0666666666', 'non', 'non', 'M', 'non', '', 'Bouche à oreille', '', 24, '', NULL),
(30, 'b24', 'b24', 'Homme', 'b16@test.com', '1978-08-23', '12', '63000', 'CLERMONT FERRAND', '0666666666', 'non', 'non', 'S', 'non', '', 'Site internet', '', 24, '', NULL),
(31, 'b25', 'b25', 'Femme', 'b22@test.com', '1986-03-05', '12', '58000', 'SERMOISE SUR LOIRE', '0666666666', 'non', 'non', 'M', 'non', '', 'Affiche/flyers', '', 24, '', NULL),
(32, 'b26', 'b26', 'Homme', 'b19@test.com', '1999-09-08', '12', '58000', 'CHALLUY', '0666666666', 'non', 'non', 'S', 'non', '', 'Site internet', '', 24, '', NULL),
(33, 'b27', 'b27', 'Homme', 'b2@test.com', '1999-05-31', '12', '58000', 'CHALLUY', '066666666', 'non', 'non', 'L', 'non', '', 'Affiche/flyers', '', 24, '', NULL),
(34, 'b28', 'b28', 'Homme', 'b22@test.com', '1987-07-05', '12', '58000', 'SERMOISE SUR LOIRE', '0666666666', 'non', 'non', 'L', 'non', '', 'Bouche à oreille', '', 24, '', NULL),
(35, 'b29', 'b29', 'Homme', 'b2@test.com', '1999-08-08', '12', '58000', 'CHALLUY', '066666666', 'non', 'non', 'M', 'non', '', 'Site internet', '', 24, '', NULL),
(36, 'b30', 'b30', 'Femme', 'b2@test.com', '1999-06-06', '12', '58000', 'ST ELOI', '066666666', 'non', 'non', 'S', 'non', '', 'Affiche/flyers', '', 24, '', NULL),
(37, 'b30', 'b30', 'Femme', 'b16@test.com', '1999-08-08', '12', '63000', 'CLERMONT FERRAND', '0666666666', 'non', 'non', 'S', 'non', '', 'Affiche/flyers', '', 24, '', NULL),
(39, 'Timmy', 'Timmy', 'Homme', 'timmy@best.fr', '2010-10-10', '10 rue des Timmy', '03140', 'FOURILLES', '0458456874', 'non', 'non', 'XL', 'non', '', 'Réseaux sociaux', '', 1, '39_20-03-23.jpg', NULL),
(40, 'dfghjk', 'fghjk;', 'Femme', 'gh@dfg.fr', '2000-01-01', '5 rue du gens bon', '58180', 'Marzy', '0101010101', 'non', 'oui', 'XL', 'non', 'Grosse Anita', 'Site internet', '', 24, '', NULL),
(42, 'test', 'test', 'Femme', 'finanit@taillefine.fr', '2000-01-01', 'mdr t ki', '58000', 'Nevers', '0606060606', 'non', 'oui', 'M', 'non', 'dfg', 'Site internet', '', 1, '', NULL),
(43, 'Question', 'question', 'Autre', 'question@free.fr', '2000-05-10', '12 rue des voluptés', '12000', 'ONET LE CHATEAU', '0645758425', 'non', 'non', 'XL', 'non', '', 'Bouche à oreille', '', 1, '43_20-03-24.jpg', NULL),
(44, 'Dubois', 'Pierre', 'Homme', 'timmy@best.fr', '2000-12-10', '10 rue des Timmy', '31450', 'FOURQUEVAUX', '0458456874', 'non', 'non', 'L', 'non', '', 'Bouche à oreille', '', 1, '', NULL),
(46, 'Jean', 'Charles', 'Homme', 'timmy@best.fr', '2000-12-10', '10 rue des Timmy', '45120', 'CEPOY', '0458456874', 'non', 'non', 'XL', 'non', '', 'Réseaux sociaux', '', 1, '', NULL),
(47, 'ducourtioux', 'francoise', 'Femme', 'fducourtioux@aol.com', '2002-02-22', '12 quai de médine', '58000', 'nevers', '0682164841', 'oui', 'oui', 'L', 'oui', 'martine Deru', 'Bouche à oreille', '', 24, '47_20-03-30.jpg', NULL),
(48, 'Spaghettti', 'Toi', 'Femme', 'email@email.fr', '5000-02-10', '10 rue des phoques', '20090', 'AJACCIO', '0375846242', 'non', 'non', 'M', 'non', '', 'Site internet', '', 1, '', NULL),
(49, 'ATHIEL', 'Serge', 'Homme', 's.athiel@wanadoo.fr', '1960-08-23', 'rue St Etienne', '58000', 'Nevers', '0682654204', 'oui', 'non', 'XL', 'oui', '', 'Bouche à oreille', 'test', 26, '', NULL),
(50, 'LE PETIT', 'Hélène', 'Femme', 'lepetitln@gmail.com', '1994-12-15', 'rue du 14 juillet', '58000', 'NEVERS', '0616666874', 'oui', 'non', 'S', 'oui', '', 'Réseaux sociaux', '', 26, '', NULL),
(51, 'SEGUIN', 'Marc', 'Homme', 'seguin.marc58@gmail.com', '1981-12-21', 'rue Charlevilles Mezières', '58000', 'NEVERS', '0667173872', 'non', 'non', 'L', 'oui', '', 'Bouche à oreille', '', 26, '', NULL),
(52, 'PANIER', 'Amandine', 'Femme', 'didinedu58@laposte.net', '1995-02-14', 'rue Bernard Palissy', '58000', 'NEVERS', '0638926780', 'non', 'non', 'XXL', 'oui', '', 'Bouche à oreille', '', 26, '', NULL),
(53, 'BONY', 'Françoise', 'Femme', 'francoise.bony@laposte.net', '1960-01-15', 'rue xx', '58000', 'NEVERS', '0666666666', 'non', 'non', 'L', 'oui', '', 'Bouche à oreille', '', 26, '', NULL),
(54, 'MARCADIER', 'Catherine', 'Femme', 'catherine.marcadier@orange.fr', '1964-11-28', 'rue de la Porte du Croux', '58000', 'NEVERS', '0618500814', 'oui', 'oui', 'XXL', 'oui', '', 'Bouche à oreille', '', 26, '', NULL),
(55, 'TESNIER', 'Jules', 'Homme', 'jules.tesnier@orange.fr', '2003-05-09', 'rue de la Porte du Croux', '58000', 'NEVERS', '0769484614', 'non', 'non', 'L', 'oui', '', 'Bouche à oreille', '', 26, '', NULL),
(56, 'MANTEAU SEPULCHRE', 'Elisabeth', 'Femme', 'elisabeth.manteau@orange.fr', '1951-05-27', 'rue du Bois Joly', '58330', 'SAXI BOURDON', '0672097972', 'oui', 'oui', 'M', 'oui', '', 'Autre', '', 26, '', NULL),
(57, 'GILBERT', 'Yannis', 'Homme', 'yannis.g.58@gmail.com', '1998-09-07', 'rue de l\'Etang', '58160', 'SAUVIGNY LES BOIS', '0652873577', 'oui', 'oui', 'L', 'oui', '', 'Bouche à oreille', '', 26, '', NULL),
(58, 'DERU', 'Martine', 'Femme', 'deru.martine@gmail.com', '1959-12-14', 'rue Victor Hugo', '58600', 'GARCHIZY', '0665452267', 'oui', 'oui', 'L', 'oui', '', 'Autre', '', 26, '', NULL),
(59, 'HAINAUT', 'Nicolas', 'Homme', 'nicolyly@orange.fr', '1975-01-01', 'rue Pablo Picasso', '58600', 'FOURCHAMBAULT', '0667605870', 'oui', 'non', 'XXL', 'oui', '', 'Bouche à oreille', '', 26, '', NULL),
(60, 'RENARD', 'Patricia', 'Femme', 'patrenard2@gmail.com', '1959-06-12', 'rue Paul Vaillant Couturier', '58000', 'NEVERS', '0642582000', 'oui', 'oui', 'M', 'oui', '', 'Bouche à oreille', '', 26, '', NULL),
(61, 'THEVENIN', 'Christine', 'Femme', 'christine.thevenin8888@gmail.c', '1955-03-16', 'rue de Parigny', '58000', 'NEVERS', '0661021468', 'oui', 'oui', 'L', 'oui', '', 'Bouche à oreille', '', 26, '', NULL),
(62, 'TRIPIER', 'Catherine', 'Femme', 'cathyt@wanadoo.fr', '1960-01-01', 'rue de Trangy', '58000', 'ST ELOI', '0608142130', 'oui', 'oui', 'M', 'oui', '', 'Bouche à oreille', '', 26, '', NULL),
(63, 'VAAST', 'Margaux', 'Femme', 'margvaast@gmail.com', '1990-03-29', 'rue St Martin', '58000', 'NEVERS', '0689129020', 'oui', 'oui', 'M', 'oui', '', 'Bouche à oreille', '', 26, '', NULL),
(64, 'MILOCHE', 'Françoise', 'Femme', 'jeanpierre.miloche@bbox.fr', '1964-03-04', 'rue du 8 mai 1945', '58000', 'NEVERS', '0664014534', 'non', 'non', 'L', 'oui', '', 'Bouche à oreille', '', 26, '', NULL),
(65, 'MILOCHE', 'Jean Pierre', 'Homme', 'jeanpierre.miloche@bbox.fr', '1964-02-02', 'rue du 8 mai 1945', '58000', 'NEVERS', '0660779797', 'oui', 'oui', 'XL', 'oui', '', 'Bouche à oreille', '', 26, '', NULL),
(66, 'GILBERT', 'Florian', 'Homme', 'florian.gilbert@free.fr', '1972-07-10', 'rte de l\'Etang', '58160', 'SAUVIGNY LES BOIS', '0667070142', 'oui', 'oui', 'L', 'oui', '', 'Bouche à oreille', '', 26, '', NULL),
(67, 'CLEMENT', 'Isabelle', 'Femme', 'isabell_clement@hotmail.com', '1980-01-01', 'rue inconnue', '58000', 'CHALLUY', '0615034797', 'oui', 'oui', 'L', 'non', '', 'Affiche/flyers', '', 26, '', NULL),
(68, 'DUMONT', 'Marie Christine', 'Femme', 'dumontmc@hotmail.fr', '1960-01-01', 'rue de Loire', '58000', 'NEVERS', '0630085962', 'oui', 'oui', 'L', 'oui', '', 'Affiche/flyers', '', 26, '', NULL),
(69, 'LAUDET', 'Catherine', 'Femme', 'catherinelaudet@orange.fr', '1970-01-01', 'rue St Martin', '58000', 'NEVERS', '0672289796', 'oui', 'non', 'L', 'non', '', 'Bouche à oreille', '', 26, '', NULL),
(70, 'BEROT', 'Vanessa', 'Femme', 'contact@zaccros.org', '1990-08-28', 'rue inconnue', '58000', 'NEVERS', '0629959466', 'oui', 'oui', 'L', 'oui', '', 'Bouche à oreille', '', 26, '', NULL),
(71, 'Boudonnet', 'Clémence', 'Femme', 'clemence@zaccros.org', '1990-01-01', 'rue de la rotonde', '58000', 'NEVERS', '0681235058', 'oui', 'oui', 'M', 'non', '', 'Bouche à oreille', 'test commentaire', 26, '', NULL),
(72, 'Roy', 'Stéphanie', 'Femme', 'stephanie_roy@hotmail.fr', '1985-12-17', 'rue St Martin', '58000', 'NEVERS', '0698828537', 'oui', 'oui', 'M', 'non', '', 'Affiche/flyers', '', 24, '', NULL),
(73, 'Baudy', 'Camille', 'Femme', 'camille@test.com', '2001-05-07', '12 rue Test', '58000', 'Nevers', '0102030405', 'non', 'non', 'S', 'non', '', 'Bouche à oreille', '', 24, '', NULL),
(74, 'Grotti', 'Charles', 'Homme', 'charles@grotti.com', '1995-03-12', 'rue', '18000', 'Bourges', '0280771260', 'oui', 'non', 'L', 'oui', '', 'Presse', '', 24, '', NULL),
(75, 'eeeeee', 'eee', 'Femme', 'test@test.com', '2019-12-13', '89 rue Test', '58000', 'Nevers', '0280701266', 'non', 'non', 'M', 'non', '', 'Presse', '', 24, '', NULL),
(79, 'Baudy', 'Camille', 'Femme', 'test@test.com', '2021-02-17', 'TEST', '58000', 'Nevers', '0280701266', 'non', 'non', 'S', 'non', '', 'Site internet', '', 1, '', NULL),
(101, 'Boulé', 'Richard', 'Homme', 'RichardBoule@armyspy.com', '1987-05-07', '76, Avenue des Tuileries', '88000', 'DIGNONVILLE', '0348759202', 'oui', 'non', 'M', 'non', '', 'Presse', '', 1, '', NULL),
(117, 'b1', 'b1', 'Femme', 'b1@test.com', '1990-01-01', 'b1', '58000', 'NEVERS', '0101010101', 'oui', 'oui', 'S', 'oui', '', 'Affiche/flyers', '', 38, '117_21-03-4.jpg', NULL),
(118, 'b2', 'b2', 'Femme', 'b2@test.com', '1990-01-01', 'rue b1', '58000', 'NEVERS', '0101010101', 'oui', 'oui', 'S', 'non', '', 'Affiche/flyers', '', 38, '118_21-03-4.jpg', NULL),
(119, 'b3', 'b3', 'Femme', 'B3@test.com', '1990-10-10', '1', '58000', 'CHALLUY', '0666666666', 'oui', 'oui', 'S', 'non', '', 'Bouche à oreille', '', 38, '', NULL),
(120, 'b4', 'b4', 'Femme', 'b4@test.com', '1990-01-01', 'b1', '21000', 'DIJON', '0666666666', 'oui', 'oui', 'S', 'non', '', 'Affiche/flyers', '', 38, '', NULL),
(121, 'b5', 'b5', 'Femme', 'b5@test.com', '1990-01-01', 'rue St Martin', '58000', 'NEVERS', '0666666666', 'oui', 'oui', 'S', 'non', '', 'Bouche à oreille', '', 38, '', NULL),
(122, 'b6', 'b6', 'Femme', 'b6@gmail.com', '1990-01-01', 'v', '58000', 'nevers', '0101010101', 'oui', 'oui', 'S', 'non', '', 'Affiche/flyers', '', 38, '', NULL);

--
-- Index pour les tables déchargées
--

--
-- Index pour la table `administrateur`
--
ALTER TABLE `administrateur`
  ADD PRIMARY KEY (`idAdmin`);

--
-- Index pour la table `affectation`
--
ALTER TABLE `affectation`
  ADD PRIMARY KEY (`idUtilisateur`,`idMission`,`dateDebut`,`dateFin`),
  ADD KEY `idUtilisateur` (`idUtilisateur`,`idMission`,`dateDebut`,`dateFin`),
  ADD KEY `idMission` (`idMission`);

--
-- Index pour la table `compagnie`
--
ALTER TABLE `compagnie`
  ADD PRIMARY KEY (`idCompagnie`),
  ADD KEY `fk_idSesion` (`idSession`);

--
-- Index pour la table `hu_utilisateur`
--
ALTER TABLE `hu_utilisateur`
  ADD PRIMARY KEY (`id`),
  ADD KEY `FK_Utilisateur` (`idUtilisateur`),
  ADD KEY `FK_idSesson` (`idSession`);

--
-- Index pour la table `h_utilisateur`
--
ALTER TABLE `h_utilisateur`
  ADD PRIMARY KEY (`id`),
  ADD KEY `FK_Utilisateur` (`idUtilisateur`),
  ADD KEY `FK_idSesssion` (`idSession`);

--
-- Index pour la table `lieu`
--
ALTER TABLE `lieu`
  ADD PRIMARY KEY (`idLieu`);

--
-- Index pour la table `lieu_mission`
--
ALTER TABLE `lieu_mission`
  ADD PRIMARY KEY (`idMission`,`dateDebut`,`dateFin`,`nomLieu`(500)) USING BTREE,
  ADD KEY `idMission` (`idMission`);

--
-- Index pour la table `liste_mission`
--
ALTER TABLE `liste_mission`
  ADD PRIMARY KEY (`idMission`,`idUtilisateur`),
  ADD KEY `FK_idUtilisateur` (`idUtilisateur`),
  ADD KEY `idLieu` (`idLieu`);

--
-- Index pour la table `mission`
--
ALTER TABLE `mission`
  ADD PRIMARY KEY (`idMission`);

--
-- Index pour la table `organisationspectacle`
--
ALTER TABLE `organisationspectacle`
  ADD PRIMARY KEY (`idOrganisationSpectacle`),
  ADD KEY `Fk_idSpectacles` (`idSpectacle`),
  ADD KEY `Fk_idSession` (`idSession`),
  ADD KEY `FK_idLieu` (`idLieu`);

--
-- Index pour la table `session`
--
ALTER TABLE `session`
  ADD PRIMARY KEY (`idSession`);

--
-- Index pour la table `spectacle`
--
ALTER TABLE `spectacle`
  ADD PRIMARY KEY (`idSpectacle`),
  ADD KEY `fk_idSesion` (`idSession`),
  ADD KEY `fk_idCompagnie` (`idCompagnie`);

--
-- Index pour la table `utilisateur`
--
ALTER TABLE `utilisateur`
  ADD PRIMARY KEY (`idUtilisateur`),
  ADD KEY `FK_idSessionUtilisateur` (`idSession`);

--
-- AUTO_INCREMENT pour les tables déchargées
--

--
-- AUTO_INCREMENT pour la table `administrateur`
--
ALTER TABLE `administrateur`
  MODIFY `idAdmin` int(11) NOT NULL AUTO_INCREMENT, AUTO_INCREMENT=2;

--
-- AUTO_INCREMENT pour la table `compagnie`
--
ALTER TABLE `compagnie`
  MODIFY `idCompagnie` int(11) NOT NULL AUTO_INCREMENT, AUTO_INCREMENT=172;

--
-- AUTO_INCREMENT pour la table `hu_utilisateur`
--
ALTER TABLE `hu_utilisateur`
  MODIFY `id` int(11) NOT NULL AUTO_INCREMENT, AUTO_INCREMENT=1720;

--
-- AUTO_INCREMENT pour la table `h_utilisateur`
--
ALTER TABLE `h_utilisateur`
  MODIFY `id` int(11) NOT NULL AUTO_INCREMENT, AUTO_INCREMENT=14261;

--
-- AUTO_INCREMENT pour la table `lieu`
--
ALTER TABLE `lieu`
  MODIFY `idLieu` int(11) NOT NULL AUTO_INCREMENT, AUTO_INCREMENT=46;

--
-- AUTO_INCREMENT pour la table `organisationspectacle`
--
ALTER TABLE `organisationspectacle`
  MODIFY `idOrganisationSpectacle` int(11) NOT NULL AUTO_INCREMENT, AUTO_INCREMENT=466;

--
-- AUTO_INCREMENT pour la table `session`
--
ALTER TABLE `session`
  MODIFY `idSession` int(11) NOT NULL AUTO_INCREMENT, AUTO_INCREMENT=42;

--
-- AUTO_INCREMENT pour la table `spectacle`
--
ALTER TABLE `spectacle`
  MODIFY `idSpectacle` int(11) NOT NULL AUTO_INCREMENT, AUTO_INCREMENT=202;

--
-- Contraintes pour les tables déchargées
--

--
-- Contraintes pour la table `affectation`
--
ALTER TABLE `affectation`
  ADD CONSTRAINT `affectation_ibfk_1` FOREIGN KEY (`idUtilisateur`) REFERENCES `utilisateur` (`idUtilisateur`) ON DELETE CASCADE ON UPDATE CASCADE,
  ADD CONSTRAINT `affectation_ibfk_2` FOREIGN KEY (`idMission`) REFERENCES `mission` (`idMission`);

--
-- Contraintes pour la table `compagnie`
--
ALTER TABLE `compagnie`
  ADD CONSTRAINT `fk_idSesion` FOREIGN KEY (`idSession`) REFERENCES `session` (`idSession`);

--
-- Contraintes pour la table `hu_utilisateur`
--
ALTER TABLE `hu_utilisateur`
  ADD CONSTRAINT `FK_Utiliser` FOREIGN KEY (`idUtilisateur`) REFERENCES `utilisateur` (`idUtilisateur`),
  ADD CONSTRAINT `FK_idSesson` FOREIGN KEY (`idSession`) REFERENCES `session` (`idSession`);

--
-- Contraintes pour la table `h_utilisateur`
--
ALTER TABLE `h_utilisateur`
  ADD CONSTRAINT `FK_Utilisateur` FOREIGN KEY (`idUtilisateur`) REFERENCES `utilisateur` (`idUtilisateur`),
  ADD CONSTRAINT `FK_idSesssion` FOREIGN KEY (`idSession`) REFERENCES `session` (`idSession`);

--
-- Contraintes pour la table `lieu_mission`
--
ALTER TABLE `lieu_mission`
  ADD CONSTRAINT `lieu_mission_ibfk_1` FOREIGN KEY (`idMission`) REFERENCES `mission` (`idMission`);

--
-- Contraintes pour la table `liste_mission`
--
ALTER TABLE `liste_mission`
  ADD CONSTRAINT `FK_idMission` FOREIGN KEY (`idMission`) REFERENCES `mission` (`idMission`),
  ADD CONSTRAINT `FK_idUtilisateur` FOREIGN KEY (`idUtilisateur`) REFERENCES `utilisateur` (`idUtilisateur`),
  ADD CONSTRAINT `liste_mission_ibfk_1` FOREIGN KEY (`idLieu`) REFERENCES `lieu` (`idLieu`) ON DELETE NO ACTION ON UPDATE NO ACTION;

--
-- Contraintes pour la table `organisationspectacle`
--
ALTER TABLE `organisationspectacle`
  ADD CONSTRAINT `FK_idLieu` FOREIGN KEY (`idLieu`) REFERENCES `lieu` (`idLieu`),
  ADD CONSTRAINT `Fk_idSession` FOREIGN KEY (`idSession`) REFERENCES `session` (`idSession`),
  ADD CONSTRAINT `Fk_idSpectacles` FOREIGN KEY (`idSpectacle`) REFERENCES `spectacle` (`idSpectacle`);

--
-- Contraintes pour la table `spectacle`
--
ALTER TABLE `spectacle`
  ADD CONSTRAINT `Fk_idSessions` FOREIGN KEY (`idSession`) REFERENCES `session` (`idSession`),
  ADD CONSTRAINT `id_Compagnie` FOREIGN KEY (`idCompagnie`) REFERENCES `compagnie` (`idCompagnie`);

--
-- Contraintes pour la table `utilisateur`
--
ALTER TABLE `utilisateur`
  ADD CONSTRAINT `FK_idSessionUtilisateur` FOREIGN KEY (`idSession`) REFERENCES `session` (`idSession`);
COMMIT;

/*!40101 SET CHARACTER_SET_CLIENT=@OLD_CHARACTER_SET_CLIENT */;
/*!40101 SET CHARACTER_SET_RESULTS=@OLD_CHARACTER_SET_RESULTS */;
/*!40101 SET COLLATION_CONNECTION=@OLD_COLLATION_CONNECTION */;
